0.7118323789298253, 0.31727006359240706, 0.31827180532819915, 4, 0
0.6416304527950738, 0.23801043165629632, 0.3644750627041611, 1, 0
0.6097193586362131, 0.322922775274327, 0.3308284515011045, 2, 0
0.5499388847195239, 0.17643831997451664, 0.3945106364337255, 2, 0
0.6750022641436784, 0.2388392169803385, 0.2073770612541595, 2, 0
0.7018602513225496, 0.3751704490502505, 0.3699615661597962, 3, 0
0.6277834447777798, 0.3007569275138368, 0.3488323798303534, 2, 0
0.7024014331955885, 0.23427207098956215, 0.33029278435993215, 1, 0
0.5749948689548384, 0.20755968715622786, 0.2819075754238797, 1, 0
0.5509203155941883, 0.23321154263353794, 0.3738439226050845, 1, 0
0.5435668442753722, 0.21515920279542405, 0.35542148414942687, 2, 0
0.6420345360077038, 0.45186315205333694, 0.25280313734206183, 1, 0
0.5998711242590848, 0.3171020052547035, 0.4735005170027899, 1, 0
0.6776729402854693, 0.5634924057687888, 0.25425720635597665, 1, 0
0.796282332111387, 0.5672227134014078, 0.187212952109385, 1, 0
0.6203941749163436, 0.42615721071288426, 0.562237781244208, 1, 0
0.6277335213455316, 0.4197424948367946, 0.3832822075703043, 1, 0
0.7352371387080475, 0.35951952665260245, 0.2720880476937918, 2, 0
0.7355471158396257, 0.42984828936771474, 0.2827382020283615, 5, 0
0.5824247204653134, 0.19989107376473947, 0.45597183037894157, 2, 0
0.7069180712122681, 0.33289003233084313, 0.34864018555662174, 1, 0
0.551720944068893, 0.380008958313687, 0.39508945013328906, 1, 0
0.7412055236480676, 0.44099963992273206, 0.2521848498705711, 2, 0
0.5469218533414675, 0.32006259850221513, 0.39489777549916316, 2, 0
0.6680873024789342, 0.2764301019943913, 0.31599130828103156, 5, 0
0.7907356280394945, 0.4811600869305392, 0.2524873624214641, 1, 0
0.6626696177826688, 0.305873921868903, 0.2512349285553004, 4, 0
0.7502376389937774, 0.2766332733218945, 0.27989285702994077, 2, 0
0.5857075721016115, 0.3112235802901264, 0.444776803570758, 1, 0
0.6854247246455251, 0.2848410542408741, 0.2732549229986345, 6, 0
0.6369817753814818, 0.37916353815960296, 0.26440457948685236, 2, 0
0.6424204661049177, 0.40465989403513347, 0.4488529584425007, 1, 0
0.6630870343234787, 0.2893049036275724, 0.38528767407643466, 2, 0
0.5973783274031036, 0.1405279110993516, 0.37892727017718764, 1, 0
0.7479069292509684, 0.3905732097362348, 0.24981535315436, 2, 0
0.6621256432538267, 0.3725933624971994, 0.41921121713911463, 1, 0
0.617999296757706, 0.358840267377365, 0.35654905433924283, 4, 0
0.5688715834317772, 0.2816056377757282, 0.2886318230926932, 1, 0
0.7891283469597372, 0.431541159917081, 0.24170980125518138, 2, 0
0.6822653306396933, 0.4432548554116764, 0.3728965651038867, 1, 0
0.669968334837266, 0.3239053946310207, 0.25970572282788057, 3, 0
0.7742401285956297, 0.49047419455037833, 0.1669859414219546, 1, 0
0.7931781036761942, 0.3437675790660228, 0.15480365461737272, 2, 0
0.5926026596137021, 0.38541849241363574, 0.4407334031252797, 1, 0
0.6866217717503598, 0.3232165839149777, 0.3112408526077932, 2, 0
0.5520798970459557, 0.3160112504465139, 0.3440692657980017, 2, 0
0.6224666611397656, 0.3181214912290029, 0.3179323610914037, 4, 0
0.6780910099923927, 0.4667442730720175, 0.4376204286326239, 2, 0
0.6461688017468271, 0.026787131323816583, 0.2845669077049755, 2, 0
0.46131202474671684, 0.16459912767525403, 0.4971376927272898, 1, 0
0.7391304618021659, 0.4956995355458072, 0.20091267419414727, 1, 0
0.713857983653154, 0.4008097851913207, 0.1977133704396005, 2, 0
0.6389394282708921, 0.31726814934432357, 0.33175997849742245, 3, 0
0.5570335235971637, 0.21060302986542773, 0.3372038650375776, 1, 0
0.6367925448787871, 0.30377069581848937, 0.3752269731372259, 2, 0
0.7467718384619146, 0.30309648752339485, 0.25361944693066457, 1, 0
0.7050313085480684, 0.38595323209631116, 0.18601836023615193, 1, 0
0.8057435254540959, 0.5192216790032036, 0.18220904966553897, 1, 0
0.55365206321524, 0.29423533006600333, 0.531040368654382, 2, 0
0.5677632582921344, 0.23382487175086264, 0.3039140586839366, 2, 0
0.6283191818840271, 0.4370365256567196, 0.329788856329763, 4, 0
0.5689168618364209, 0.18529029106117417, 0.39508743393607626, 4, 0
0.7359860125486062, 0.2991037586528587, 0.2801707437902007, 1, 0
0.647257397577009, 0.2593772305995751, 0.3067687985001635, 5, 0
0.6952243472249123, 0.3528339706425191, 0.2361676463202992, 1, 0
0.6283130300893947, 0.36128827749070364, 0.31338432606071076, 4, 0
0.599760126458118, 0.2336007554971904, 0.3820228709682702, 2, 0
0.614920677302458, 0.4427806610224836, 0.37461997110153056, 2, 0
0.6148323195893084, 0.27763526223749463, 0.3141891426078464, 2, 0
0.6706257872357937, 0.3273891496746473, 0.30661944047818973, 2, 0
0.6552877566322235, 0.4989512681514617, 0.45487211387055515, 1, 0
0.5769648667316308, 0.335747410693516, 0.30765117486433935, 1, 0
0.7799461508789414, 0.47763733617286214, 0.2730959183310771, 1, 0
0.6383533125226294, 0.3587163868968911, 0.42700400021388707, 2, 0
0.6391980128083966, 0.25325915596775306, 0.3324422306144075, 4, 0
0.7818030214896348, 0.35207746791768135, 0.22394150671961488, 1, 0
0.52126332091984, 0.1708737351870967, 0.3256060082377853, 1, 0
0.7130100032968113, 0.4232512071508848, 0.26848343325607676, 3, 0
0.5205022505175522, 0.2706048867033523, 0.45320317892676204, 3, 0
0.5453412659410336, 0.2543299359810694, 0.39898196631510585, 1, 0
0.64232681306638, 0.3598458641815017, 0.33580269087571557, 5, 0
0.6600450569270863, 0.21845596059440667, 0.3941992706810282, 2, 0
0.6262723334823943, 0.34350005715646004, 0.2294770109455746, 1, 0
0.6779373364263734, 0.308414262339083, 0.2914504814191075, 4, 0
0.763030277551137, 0.3267387382545354, 0.23997163433019963, 3, 0
0.7009253642755108, 0.2776746237090789, 0.2582949787433132, 2, 0
0.5949607855231457, 0.2569720892967619, 0.3577799220686705, 3, 0
0.5743695878753303, 0.37376123125899563, 0.3873479623255921, 1, 0
0.6846331055187663, 0.2767944360377531, 0.337373097400238, 4, 0
0.6724808210497281, 0.14304276282710038, 0.44405685250593835, 1, 0
0.5707501501825933, 0.1401352659136006, 0.438959570535007, 2, 0
0.640573079475807, 0.318303233416431, 0.37386946960333073, 3, 0
0.6002971434786739, 0.40448844483301, 0.18077299171416233, 1, 0
0.6268876923431272, 0.23397608236553696, 0.1941230977439039, 1, 0
0.6645008971608908, 0.27566183522267834, 0.33714186659342166, 2, 0
0.6117659680146166, 0.16325341317262465, 0.33944998094089096, 1, 0
0.7098394830806956, 0.468272373490333, 0.3349907681258759, 2, 0
0.5645308678945893, 0.19475334643245162, 0.2641896756686841, 1, 0
0.6700046427156933, 0.4188914854671017, 0.23495885402479888, 3, 0
0.5505625719747808, 0.16423140947951675, 0.4493464326298125, 1, 0
0.7152744317016116, 0.3263346127183513, 0.15275676039203134, 2, 0
0.8229564068301558, 0.39451447715412613, 0.22153896087886654, 1, 0
0.5050544757833718, 0.3151685941778493, 0.45227672184567896, 1, 0
0.8270441514220783, 0.4101781110373875, 0.24601692886226123, 1, 0
0.6448925966227212, 0.24400190577861586, 0.177142764792378, 1, 0
0.7104607281407587, 0.36302262996047, 0.3055770917022904, 3, 0
0.7084677382674431, 0.5055497330786854, 0.3175567971191481, 1, 0
0.6363466927387502, 0.3239174502226101, 0.27816657829497554, 3, 0
0.6816011118650637, 0.18730378053471347, 0.22815843601075775, 1, 0
0.680034752839831, 0.3155065122448045, 0.23502156439546057, 1, 0
0.5247666288848734, 0.27659327058981314, 0.48847744838715956, 2, 0
0.6439564149502126, 0.2906843840282791, 0.36130336562591303, 4, 0
0.5811679901188567, 0.305577672353345, 0.3499307930465289, 1, 0
0.623766366530242, 0.3444727691267032, 0.3368061127824804, 1, 0
0.6531171169938016, 0.46461757049044433, 0.3512647035427662, 1, 0
0.6257551369216555, 0.3796555734662091, 0.45252649420291624, 2, 0
0.7583129121671125, 0.3318678328005382, 0.22486855289199653, 3, 0
0.6194801072104406, 0.294373790243875, 0.3720539052426105, 4, 0
0.7267984997872792, 0.26575111688886877, 0.21481646853233066, 1, 0
0.6264378630623361, 0.3952738460402504, 0.40277064780768806, 1, 0
0.5293311491205949, 0.3082440839702226, 0.5259030136962557, 1, 0
0.7811706368878413, 0.533126693267798, 0.28674980751902285, 1, 0
0.7531594116533993, 0.37350737622185887, 0.21982785930593793, 2, 0
0.678388008298178, 0.44244020621677693, 0.3469211279761026, 1, 0
0.6287582364897782, 0.28204015689393125, 0.44905270751345594, 1, 0
0.6853818391844069, 0.17895560846015246, 0.3675254801054566, 1, 0
0.6154356679685012, 0.29798706807907355, 0.3244457396313537, 2, 0
0.7271058400146223, 0.38881206465794205, 0.2678917540591712, 3, 0
0.5872551086897111, 0.24802963637934802, 0.28159793663037247, 2, 0
0.9061557055429625, 0.35736076471067696, 0.11348748430967615, 1, 0
0.6422739032996793, 0.5295658424764547, 0.3533955461020177, 1, 0
0.6356316654857552, 0.4176928035850413, 0.32660391032641695, 2, 0
0.7012661592954637, 0.31058997343091377, 0.2784821957456509, 1, 0
0.7045092577975718, 0.26387684793429267, 0.3641988356099384, 2, 0
0.7683944974109234, 0.3493649618985564, 0.2631157256194117, 3, 0
0.6124299608902445, 0.3542111771318145, 0.37476244065495556, 3, 0
0.7064198684453754, 0.2460986784384024, 0.30522439790120043, 4, 0
0.6612972786584815, 0.29995166780707805, 0.5154318125356141, 1, 0
0.5841542288857213, 0.2955395754923638, 0.37449185299651516, 2, 0
0.802433508303787, 0.3896729835044014, 0.20126711727816293, 1, 0
0.7422412148385055, 0.3934253552997603, 0.292323221807111, 2, 0
0.6069020106185254, 0.2915993250107101, 0.42714145620301047, 3, 0
0.7766701371003979, 0.5168900446067226, 0.2086342725193514, 1, 0
0.7303858615486387, 0.35159939993456546, 0.24891516590174864, 3, 0
0.6178328010349706, 0.34332889371884906, 0.3918325909571233, 2, 0
0.5856770029506801, 0.19422329110103106, 0.33482426198699755, 2, 0
0.7323237351387186, 0.27947839405267694, 0.3375684790926933, 1, 0
0.49802048707041974, 0.3294840064474957, 0.31657372482715884, 1, 0
0.5852595557802006, 0.20193767620204478, 0.2595565054534419, 2, 0
0.7117258905029882, 0.3303705891612664, 0.2512357086566085, 3, 0
0.7159812226149374, 0.3818733981390741, 0.2088080507274427, 3, 0
0.54959077302449, 0.3497978796950896, 0.4850968018295522, 1, 0
0.6259827365518031, 0.27886783464650394, 0.3056726174962503, 5, 0
0.5662408438070691, 0.3295815679698887, 0.47069021107534537, 1, 0
0.6703079665524321, 0.35427720884807096, 0.3899728298752981, 2, 0
0.7000187809051793, 0.5019674680184729, 0.3289078070316204, 2, 0
0.7161464467498965, 0.3542732828049374, 0.2736731102650697, 2, 0
0.7164556394037456, 0.41076452436001365, 0.4144222236157373, 3, 0
0.5302296021661999, 0.17260949414522256, 0.4560941864809395, 2, 0
0.5452860036023904, 0.13228716588881606, 0.3390083224418444, 1, 0
0.6961069203790462, 0.32921740665980126, 0.32202380558270044, 5, 0
0.6986457877470083, 0.22570221035478283, 0.35826904134168314, 1, 0
0.6287928612023563, 0.4803536743524876, 0.3086571514477774, 2, 0
0.5944046972260141, 0.18470732602150214, 0.35517346315453174, 1, 0
0.761185525112134, 0.47246698315611557, 0.32036247748000546, 2, 0
0.8032599742933739, 0.40036611629854807, 0.25831791319395175, 1, 0
0.7389319656803606, 0.3955366799785512, 0.32989317433523857, 2, 0
0.6000003469068886, 0.27929841771918185, 0.18168473909693045, 1, 0
0.7054820880370445, 0.251591488283605, 0.2090644842152754, 1, 0
0.673370836000087, 0.29108967049037887, 0.34239742450615585, 4, 0
0.7055489565950585, 0.4459406716986398, 0.31326877711771317, 1, 0
0.5925390003296571, 0.2534957144400605, 0.22962397511758625, 1, 0
0.5893959938178736, 0.18692810369954527, 0.46521372035195263, 1, 0
0.4694123335452075, 0.17507980472056328, 0.4400541913540024, 1, 0
0.6251337131281526, 0.2486977027116324, 0.3269183968322121, 3, 0
0.6659744107824285, 0.2481785318958402, 0.4181816876251504, 1, 0
0.78622422704604, 0.34587545967689637, 0.18430115428618804, 1, 0
0.6625116783286641, 0.3903731031030988, 0.2847337632022164, 3, 0
0.5921541792138304, 0.2360214071832216, 0.31263905761853306, 4, 0
0.6327519958378928, 0.18191773762173646, 0.2739305034330919, 1, 0
0.7262725182611958, 0.423690391585251, 0.3580884791634803, 1, 0
0.6309489278733538, 0.4476501645086425, 0.3200608260681662, 1, 0
0.6954935638394196, 0.2886180869267906, 0.38592768860995275, 2, 0
0.6653428934720979, 0.4112872937862736, 0.40850775015881957, 1, 0
0.5788845393025938, 0.2900313648291427, 0.40532618774548257, 5, 0
0.7323157048169441, 0.399316768705201, 0.23902609101422156, 1, 0
0.6273508548617928, 0.43678322049809437, 0.2030716447071092, 1, 0
0.5447588425483016, 0.24210038305550974, 0.5559176765823436, 1, 0
0.6474672667252822, 0.26797841981955756, 0.38282762900449346, 3, 0
0.5785071463604976, 0.17618046042423877, 0.2937737484544696, 2, 0
0.6899662663749654, 0.32273286109521476, 0.3732833597231656, 3, 0
0.7223975388692967, 0.3353077523624505, 0.34563567462653, 4, 0
0.6224005055530738, 0.366280845780424, 0.4560921017919356, 3, 0
0.6655580079514485, 0.42323219914782567, 0.4197105259531715, 1, 0
0.5581508007565255, 0.2758727947462191, 0.49193819213870466, 3, 0
0.623828322890927, 0.3016657417484885, 0.23456328281648192, 1, 0
0.7780417567008586, 0.4442193767116858, 0.2593309493993834, 2, 0
0.5984074077498414, 0.4598684445938384, 0.34752770002067035, 2, 0
0.6663186170483888, 0.40380286447269004, 0.21572711983920506, 1, 0
0.7994515814981429, 0.46095449540180183, 0.27587058627825267, 1, 0
0.6791012026993171, 0.2405136933868282, 0.30727314466614486, 1, 0
0.6397746139441887, 0.39631095556527707, 0.2709733170959018, 2, 0
0.5555299397714368, 0.3275348396829587, 0.3748987612235987, 4, 0
0.678166559654432, 0.3468983677234542, 0.22421502782327357, 1, 0
0.646573231733917, 0.3234639871045152, 0.4597853025982144, 1, 0
0.623360598871304, 0.14421325292111692, 0.39000216347492056, 1, 0
0.6623562932015091, 0.3086753477114964, 0.2923585635190314, 4, 0
0.6103967799964876, 0.20978365647767716, 0.5019161530595934, 1, 0
0.557246377398927, 0.2577031416414853, 0.4519710815822419, 2, 0
0.6243535523150943, 0.5176481655605087, 0.3732227235330293, 1, 0
0.8051759880257486, 0.4079769458200473, 0.2288542603485198, 1, 0
0.6718030725766531, 0.3866755017264406, 0.3136361965764792, 5, 0
0.55601387038516, 0.30252212695405295, 0.3669857105777745, 1, 0
0.550254045626756, 0.20153969843201458, 0.2654148415162303, 1, 0
0.6124617650289272, 0.47762487119677655, 0.35903030726798774, 1, 0
0.6824429920893962, 0.4336693546375584, 0.4498056049950647, 1, 0
0.5974131284362357, 0.2915131606781577, 0.4171460863726218, 5, 0
0.6071475465464493, 0.3398585605376266, 0.30998977250381415, 4, 0
0.5863369116496344, 0.25622276002082917, 0.2435094117361169, 3, 0
0.6206088231950218, 0.17831491342915817, 0.4275613194326432, 1, 0
0.7343706260689319, 0.41778432485950523, 0.1916032891250469, 2, 0
0.605642120108408, 0.18327850873934853, 0.34415329207930345, 1, 0
0.5913926370814822, 0.17205953899210774, 0.329774379002119, 1, 0
0.709581267988105, 0.3403980852544408, 0.3279718392869672, 1, 0
0.6306780354437117, 0.17953952490969965, 0.47029320560723104, 1, 0
0.5364045384496633, 0.10987511251398868, 0.3264740055823693, 1, 0
0.7919198183384437, 0.33211190249138894, 0.20531446056726216, 1, 0
0.6087781366884537, 0.15555433014212505, 0.451117246679751, 1, 0
0.5798757714930305, 0.3217659523063917, 0.41549410429280664, 1, 0
0.7491042320675771, 0.4160012200786555, 0.2973922147175382, 2, 0
0.5459116482445064, 0.2521205500155194, 0.3355671606447747, 2, 0
0.5200515290030837, 0.23051692205244345, 0.44551460152655903, 1, 0
0.731145823875252, 0.11871911019411407, 0.20954299964018513, 1, 0
0.6962141669940606, 0.40959355600553493, 0.39839397645457386, 3, 0
0.5685018407871333, 0.30260723598161354, 0.33729545776178865, 2, 0
0.6897502182354001, 0.2550465791689627, 0.25840623638663024, 2, 0
0.5902825835714623, 0.15631404270649102, 0.2149934473457754, 1, 0
0.47864193879356753, 0.31492993453681156, 0.35447241185358, 1, 0
0.7026774292082788, 0.37246961547275526, 0.3531331596916337, 1, 0
0.7201620147137829, 0.3375122597493278, 0.2679398533106782, 1, 0
0.6194714964805116, 0.3868982596142412, 0.3542730618356195, 5, 0
0.775112299505992, 0.3433249611372426, 0.16213879962871114, 1, 0
0.6881661001467567, 0.3324405935641037, 0.2155120048183574, 2, 0
0.7875678485949855, 0.4005508189450607, 0.21637875774298027, 2, 0
0.70817622683028, 0.3847526044952284, 0.2712659790554465, 3, 0
0.639113845576898, 0.3077158266552408, 0.30717437205181086, 2, 0
0.6256977205132719, 0.2923895068198507, 0.2849088126267654, 3, 0
0.6771063153096754, 0.19314595813372903, 0.4054536347284005, 1, 0
0.5746530651543665, 0.2929308953258605, 0.3531492463929108, 1, 0
0.5453610644389367, 0.10965167930775405, 0.565918544346409, 1, 0
0.7051152319833478, 0.22448214205009065, 0.27650009155692656, 1, 0
0.5189259421396363, 0.3600812632759712, 0.36518981159030545, 1, 0
0.6715182000441933, 0.4357787917342483, 0.4058980126821982, 1, 0
0.6787794264063157, 0.40438973623110436, 0.3638405879572698, 1, 0
0.5446438525469797, 0.305376950684423, 0.4421557674020162, 2, 0
0.7507060503650057, 0.4482324645901894, 0.2835855804532462, 2, 0
0.7716393550721736, 0.33039344662072045, 0.1826276884687536, 1, 0
0.5974919929320729, 0.27557950362327466, 0.3067871332053559, 2, 0
0.7558605338164742, 0.3589414815205239, 0.11819899774179388, 1, 0
0.7381660367992199, 0.41445904982157133, 0.24151945866797558, 2, 0
0.4978659602500889, 0.22188270187413256, 0.32162686595983303, 1, 0
0.5786106127906344, 0.20127082917195435, 0.36847029392290287, 2, 0
0.6512501578609783, 0.2187335843604976, 0.20103531110907447, 1, 0
0.759064327964026, 0.38728879452995857, 0.2226705327626578, 1, 0
0.6711217664047362, 0.3492706241102659, 0.3360401055224967, 4, 0
0.5723941905722328, 0.13569665262409603, 0.3524005953082327, 1, 0
0.5110686059272308, 0.22010299057009364, 0.39587558039098836, 1, 0
0.6234381722807105, 0.18910452803255712, 0.23444281302814363, 1, 0
0.7415765282372077, 0.3925038290924035, 0.2753303095948984, 2, 0
0.571365575941366, 0.4313010974681797, 0.3538188302150045, 1, 0
0.6631873574305972, 0.35978324119396216, 0.2518154949322776, 2, 0
0.6089881559398918, 0.41266235640084636, 0.4037940941650285, 2, 0
0.7256603699335106, 0.2744861205266583, 0.2550273375710319, 3, 0
0.7188381543182, 0.37198377603687943, 0.3881641971764955, 2, 0
0.7828150772132876, 0.523762563587534, 0.10240081329871092, 1, 0
0.6125689396980815, 0.4347787926898592, 0.4723451073899856, 1, 0
0.6152679883473946, 0.3593364972575116, 0.5344592322547611, 2, 0
0.5613277550481279, 0.15024726517548648, 0.3854141780923961, 1, 0
0.5669748446520405, 0.4626657936259687, 0.3960556568765836, 1, 0
0.6267957758697137, 0.3426006155256143, 0.2843154695812447, 5, 0
0.649437856103994, 0.2483148884472884, 0.3980748356976885, 2, 0
0.5715990263354753, 0.31701206102688967, 0.5104407186513332, 2, 0
0.7325009457984148, 0.19699893109360656, 0.27455868043137543, 1, 0
0.7013854467710567, 0.43260084177791863, 0.21261129676445126, 2, 0
0.651395410732857, 0.18734311043690355, 0.3171167423957807, 1, 0
0.6649018953371089, 0.2526309721348428, 0.19406118522754137, 2, 0
0.7941490251862826, 0.3702774941298096, 0.23546905926249106, 1, 0
0.7395690266302628, 0.32281528907842644, 0.13357382586905941, 1, 0
0.6226027418869718, 0.4826261263052514, 0.3717526957602818, 1, 0
0.6056046673937024, 0.37291526243135337, 0.30087413184489226, 1, 0
0.755490206983885, 0.4575594582888248, 0.17780646182390356, 2, 0
0.7334562712194317, 0.3909241166207991, 0.22642284871751978, 1, 0
0.7118519939749274, 0.32776797211955944, 0.28439500480654534, 4, 0
0.6724881179259115, 0.346403557013314, 0.2892439018388558, 2, 0
0.476227697314933, 0.20848615008022278, 0.475521919081478, 3, 0
0.7053423447817644, 0.3130000205207515, 0.21031868183245145, 1, 0
0.6987777027484349, 0.2072143816807902, 0.14924242067014465, 1, 0
0.5819360636105221, 0.2988594216027547, 0.45205641061325325, 2, 0
0.6635048810678768, 0.2533648734265113, 0.30773226547796856, 3, 0
0.576766982031168, 0.21962916175446223, 0.40376959873037277, 1, 0
0.4248848762651355, 0.14623646681462898, 0.4730345166931898, 1, 0
0.6922994693808384, 0.3271321665919916, 0.28256202330248265, 1, 0
0.5701134869141936, 0.300217988699491, 0.3816433095275915, 1, 0
0.6574013452669808, 0.5132915364511368, 0.30208150990130755, 1, 0
0.7241654309153062, 0.4094810520822104, 0.2760929224077817, 1, 0
0.7563334510687486, 0.39398864328458705, 0.2972986040332116, 1, 0
0.5928108944681414, 0.3080821939669923, 0.2725991735997942, 1, 0
0.7264019838827106, 0.28079796975993576, 0.3099993432085859, 2, 0
0.6081386305712023, 0.18638071593660854, 0.40095356932505205, 2, 0
0.690936022833704, 0.3454338094301376, 0.4156281571849708, 1, 0
0.8025037079394974, 0.5652852863875804, 0.278980720513592, 1, 0
0.6606425671703468, 0.28843901789762183, 0.2791303433787826, 1, 0
0.6107215505580785, 0.39255215461262133, 0.30131845207514674, 1, 0
0.5433793606536209, 0.4218750417967528, 0.4495153415215839, 1, 0
0.7040673131426916, 0.37128199028449277, 0.2397068486581191, 2, 0
0.692458902814783, 0.3796797707276463, 0.3975684921503197, 1, 0
0.649192763155962, 0.42403039250923513, 0.42542992322484285, 1, 0
0.7909920581493106, 0.4378604186158915, 0.27638247505345365, 1, 0
0.577042174093179, 0.2981624583034773, 0.3274654974321425, 1, 0
0.49651879614987837, 0.20705663849221495, 0.43076473882466915, 1, 0
0.6932451041439996, 0.30152518820724333, 0.3557920865728711, 2, 0
0.7538989583676442, 0.35034918221982636, 0.301936989093109, 3, 0
0.6386500027265359, 0.3756857057103245, 0.3717195059382585, 1, 0
0.5414052956039798, 0.3369525641671556, 0.3641525535363037, 1, 0
0.6599815536991122, 0.41411434988716167, 0.5028636727209783, 1, 0
0.7295543186314596, 0.5674868932159899, 0.15015160962458485, 1, 0
0.6410000132099297, 0.3315148156859526, 0.36749394234710236, 3, 0
0.6042144373390334, 0.1950483967645494, 0.3857050330949181, 2, 0
0.4882097709566313, 0.3140371538377433, 0.3658831543523161, 1, 0
0.7513141754570145, 0.2578193170291385, 0.17680976628446077, 3, 0
0.5074613040306738, 0.3173011534953015, 0.3592073518397645, 1, 0
0.7997161072601702, 0.45095674252670875, 0.20614111008221242, 2, 0
0.5773627988367421, 0.21459228368821626, 0.24353719740003837, 1, 0
0.5104866690392649, 0.15244966878408361, 0.333836089648088, 1, 0
0.6217407836066822, 0.3337802956319138, 0.32297384625616665, 3, 0
0.655755562615359, 0.35934882882985797, 0.34607800693356794, 3, 0
0.6591314396454556, 0.2523178014645166, 0.3707115253135947, 2, 0
0.5796802445484428, 0.22435582602349588, 0.34447909188327647, 1, 0
0.6085360330499667, 0.21270336289183933, 0.33849633227829434, 3, 0
0.6792398344673344, 0.21311534198197157, 0.290614147699332, 3, 0
0.6092090780635024, 0.3093892648865399, 0.3410908406114805, 4, 0
0.6875139137042153, 0.3856037951850214, 0.28910718577298133, 2, 0
0.6630379258128317, 0.4800163749000743, 0.3792659386931103, 1, 0
0.7165691539011704, 0.4010613190494864, 0.26507971590863544, 1, 0
0.6654192735894375, 0.21097539908601437, 0.2912482897984012, 1, 0
0.4813012709319429, 0.2209466508192119, 0.5006959061346065, 1, 0
0.4919820937159129, 0.20421810502592325, 0.5832410695436263, 1, 0
0.6637737007909611, 0.3286665565194365, 0.2757388814956737, 1, 0
0.5966112790760294, 0.19186028837838404, 0.16661073967459145, 1, 0
0.42660578341424743, 0.0942798483075234, 0.5528098004820877, 1, 0
0.5958028718085372, 0.25701664380009265, 0.2625362844297748, 1, 0
0.6692846174736271, 0.20746771943960068, 0.18243705897279366, 1, 0
0.590853055409621, 0.2999856957017795, 0.38754084874737255, 2, 0
0.7619799580133103, 0.22013252540284478, 0.17597324634194542, 2, 0
0.6842009124101117, 0.23597881626044423, 0.27197897711350677, 2, 0
0.7496105731845772, 0.5029837463541231, 0.1307808308930266, 1, 0
0.647437797460164, 0.34843360629106207, 0.36876620474700517, 4, 0
0.6008005565081643, 0.41535686435931674, 0.26790248323138677, 2, 0
0.6429191665610235, 0.2486808687853299, 0.3523287037639628, 2, 0
0.5925678690256098, 0.22173772084778437, 0.4291564170102094, 1, 0
0.6474742312935831, 0.3511843554294079, 0.3935381082314375, 3, 0
0.6196853392135252, 0.2919191415537459, 0.3910129287823987, 2, 0
0.5521130263940417, 0.28699902133661354, 0.3205407756690707, 1, 0
0.7146540322805311, 0.43409891253930927, 0.37476853570825475, 1, 0
0.6183118485317025, 0.33276468153535554, 0.4093837432310119, 1, 0
0.6096093899756374, 0.24776378128797177, 0.39395041720141294, 3, 0
0.6935000761096852, 0.3459475888015713, 0.22092333281690502, 2, 0
0.558936022520889, 0.26942747071652334, 0.35019845263410765, 4, 0
0.5721566046007346, 0.3491334844760714, 0.41450946252975174, 1, 0
0.5338679623406841, 0.1402538420598293, 0.3656830890992315, 2, 0
0.8133503207906035, 0.5148717884431736, 0.2729242518339554, 1, 0
0.6771918390876066, 0.2619556906722771, 0.19483527051453675, 1, 0
0.7346359029700165, 0.3938436989102554, 0.20039247799805565, 2, 0
0.6804151341396057, 0.41298870285979133, 0.2712267482545498, 3, 0
0.734342226757208, 0.42939822796354793, 0.21705345430715894, 1, 0
0.5827315410549843, 0.23984727742660028, 0.39490703004240024, 3, 0
0.7453152742944551, 0.3671806098718816, 0.39740473141359467, 1, 0
0.6388462671265749, 0.282002041872949, 0.37371015029042304, 2, 0
0.5893411700339106, 0.31203820530862103, 0.3245389843798805, 1, 0
0.5983452299654345, 0.3552003867516823, 0.4376801266985936, 4, 0
0.6342615142648008, 0.24202814118204974, 0.25895109995279975, 1, 0
0.6556064266216882, 0.32063249023317025, 0.19654446957850413, 1, 0
0.730800048409082, 0.31240545431396394, 0.30466986299325227, 1, 0
0.678278400270463, 0.35162032718350783, 0.30510460884514046, 3, 0
0.5678257208441637, 0.31772723342718623, 0.34857212843227475, 1, 0
0.4712363840644671, 0.3636330254911013, 0.6283458813748196, 1, 0
0.6619033591970505, 0.16226239996402902, 0.29923573360178424, 1, 0
0.5788114387343127, 0.33473265437728417, 0.44876797005946334, 1, 0
0.8462921015773079, 0.42408108007781825, 0.3012137673128974, 1, 0
0.6745718815441593, 0.2618493372316046, 0.36419579050897677, 1, 0
0.6132778742881824, 0.41826528827350123, 0.43602984020899577, 2, 0
0.7687978231767054, 0.4268252478494391, 0.08657779762982859, 1, 0
0.5859643761713702, 0.27112126001121867, 0.44941558828398104, 1, 0
0.6604889634948844, 0.19555684825570419, 0.34784439055338545, 2, 0
0.4797774695647744, 0.36647903092497747, 0.4665668846898223, 1, 0
0.6457881565492355, 0.1294999993252206, 0.31670898853256146, 1, 0
0.6047739038564564, 0.38882785997622205, 0.3186958119756688, 1, 0
0.7263889595648367, 0.31350551579989183, 0.11281802521460316, 1, 0
0.5423084403890788, 0.20267310218190626, 0.4259162490594751, 3, 0
0.7851984858447083, 0.4669836545199012, 0.3290674884502508, 1, 0
0.6788033975472393, 0.3709823810482913, 0.3341019232982602, 2, 0
0.6716931849123998, 0.39548040786074073, 0.34210305147501574, 3, 0
0.690430208600466, 0.33458406356247844, 0.2950626875410324, 3, 0
0.6130093594091669, 0.39369517921423636, 0.22614724623922394, 1, 0
0.5603779988738414, 0.18378017840418898, 0.5064405669637759, 1, 0
0.5434243470209086, 0.31147043633463756, 0.4811555825255765, 2, 0
0.49453925511080415, 0.3095872045103597, 0.42101527580820614, 2, 0
0.8429668944379042, 0.4014278571579282, 0.23923192261847764, 1, 0
0.6137926322098856, 0.3975669872380831, 0.42230916799104734, 2, 0
0.6389153221168492, 0.22515287181262195, 0.32380435023340737, 2, 0
0.6544297520503655, 0.31635130411352474, 0.3247750709298511, 3, 0
0.7472128106793655, 0.3280931405885823, 0.2620229466492836, 1, 0
0.5903496123405353, 0.3408779476932473, 0.3104062872773944, 1, 0
0.6399368599651191, 0.3453327035603221, 0.29689549767048407, 1, 0
0.7159137915160598, 0.43541599073186793, 0.283906958317654, 1, 0
0.7116739174767638, 0.2879858461183921, 0.208906582510704, 1, 0
0.7261965733016725, 0.4515142367361624, 0.401711809051922, 2, 0
0.6997316643815069, 0.2861380332649864, 0.36943161083969767, 2, 0
0.5637800928699969, 0.2936985240760688, 0.4044542089730443, 1, 0
0.7913935156848596, 0.4516543465110056, 0.30385749179882665, 3, 0
0.6006323168295971, 0.2111373752887813, 0.35844950873574716, 4, 0
0.5477524059489538, 0.2471044698324671, 0.5013902206480945, 1, 0
0.5866674712194511, 0.32598500298674526, 0.25138492951843255, 1, 0
0.6719659043816849, 0.3383608185440399, 0.361510795320342, 2, 0
0.536137172296761, 0.3198949905715549, 0.3353252070692829, 1, 0
0.6784551992426001, 0.23433989624765564, 0.354220197821426, 3, 0
0.6911972920796582, 0.2872176884805343, 0.1908727532899554, 1, 0
0.4009086419052977, 0.1358989625051999, 0.49199264464030545, 1, 0
0.63063500151621, 0.38244015868012, 0.40851258002275537, 1, 0
0.7349884828634052, 0.2256197269540023, 0.2183212026147336, 1, 0
0.6023481228086306, 0.18706466422726697, 0.419923891206477, 1, 0
0.6315759823114829, 0.3585345703891217, 0.29073056425912386, 2, 0
0.6741758191969025, 0.44283195860320274, 0.23704001226812427, 1, 0
0.5063916790493972, 0.273113563285148, 0.4901219117363189, 2, 0
0.5819054686203766, 0.13434801293599574, 0.40826632742811647, 3, 0
0.7380861040556855, 0.29869834410402274, 0.30547018543213694, 1, 0
0.5915708712393549, 0.33924237578659655, 0.2260800876290689, 1, 0
0.6227203107507328, 0.25776524971196146, 0.4005861185926649, 1, 0
0.6421107457543317, 0.16001106365380266, 0.26698612332243316, 2, 0
0.575895723312885, 0.33363756414634504, 0.4848555462734793, 1, 0
0.6202764486471242, 0.20852392476269196, 0.3045409913436383, 3, 0
0.6229412769521192, 0.39040469816451057, 0.3364897503955837, 1, 0
0.7171284683368649, 0.4374628662882284, 0.2064745986310107, 1, 0
0.517741116901869, 0.27025989090532876, 0.5152512969094576, 2, 0
0.8181378125862062, 0.45208890004954183, 0.1643408577304451, 1, 0
0.5563066056466118, 0.3345780117497232, 0.4213137386851116, 1, 0
0.6565650948173027, 0.3143811699555737, 0.44104390902386414, 1, 0
0.620538266001394, 0.23062289561467395, 0.4293980510280402, 3, 0
0.6209066305280541, 0.4668574962869178, 0.3539031438084562, 1, 0
0.6423882613188654, 0.3352636368226077, 0.3959247847011168, 4, 0
0.7446270929208321, 0.40344767237099977, 0.4118341695774241, 1, 0
0.640138407490572, 0.4481219712293693, 0.35082604985329624, 2, 0
0.6147754865520696, 0.1590460766507199, 0.30636693568023254, 1, 0
0.612619343935961, 0.21459915771215943, 0.26296877647765843, 4, 0
0.6773600151805573, 0.33120056771160183, 0.2861406064348772, 3, 0
0.6908315959807279, 0.44807097842030374, 0.19865421973140696, 2, 0
0.6431511985626636, 0.30145225610822035, 0.39483861929264996, 2, 0
0.7087974402795204, 0.24843885282983014, 0.42015789828347605, 1, 0
0.5968925327355179, 0.17419787869525716, 0.37141507765438236, 2, 0
0.5264259146215768, 0.2224207805681626, 0.37852701008545986, 1, 0
0.6892393057455118, 0.35104518379173033, 0.3875354828049403, 1, 0
0.6251235694070693, 0.3075126223607516, 0.38987575717329276, 3, 0
0.6587940997800937, 0.3702221480228797, 0.3582837394504539, 2, 0
0.6528288782014163, 0.38600768246361394, 0.24360003462627083, 1, 0
0.7208124523838004, 0.35867667972122735, 0.21192668445981747, 2, 0
0.7986638895691003, 0.4429421120165775, 0.1480935564372975, 1, 0
0.6433705624396109, 0.1621951118061281, 0.29853602211360963, 2, 0
0.7538458484287465, 0.36570624361321163, 0.27379606167244297, 1, 0
0.6155008428935937, 0.36228838661010276, 0.43831278695884934, 1, 0
0.6931337025685953, 0.4607260496023311, 0.36475701409238537, 1, 0
0.702688499324692, 0.33201083289042227, 0.3739927064921498, 1, 0
0.7186668108207976, 0.48107319197939635, 0.31341224338486845, 3, 0
0.5862080608989911, 0.23643784634100046, 0.34279355714753257, 3, 0
0.5587634395972774, 0.3726552088048083, 0.41603438579558744, 1, 0
0.5998259912036432, 0.34879995310200484, 0.3781414424732388, 1, 0
0.7220016215833895, 0.37107770649410127, 0.18744180519507342, 1, 0
0.6436638680339634, 0.2868494658604348, 0.27724307515849744, 3, 0
0.557772159164398, 0.3901432748205653, 0.3364282567087046, 1, 0
0.5898198970474805, 0.32105425644691005, 0.3464599673166127, 2, 0
0.6020130779883397, 0.1965072861645103, 0.44628242289699394, 1, 0
0.7078869419113012, 0.4724708526885398, 0.38924719709347455, 1, 0
0.6533443464252566, 0.2810522017739844, 0.357548238932789, 1, 0
0.6612127645715015, 0.3322954374058252, 0.3977223343462514, 2, 0
0.6834773047184579, 0.15400089204672357, 0.27379630371097274, 1, 0
0.8070545908658096, 0.501200111355055, 0.1901442292626216, 1, 0
0.5672687856059362, 0.3090404155752821, 0.36159955487185963, 1, 0
0.5828333237739114, 0.3499034251758183, 0.461231452442805, 1, 0
0.5034576947148734, 0.10678978776269377, 0.4719679339184206, 1, 0
0.5571338900387108, 0.2599867296502065, 0.5559322143783836, 1, 0
0.6722878937734444, 0.2762509371788724, 0.2934713265367025, 3, 0
0.5785966725111311, 0.2605800503881804, 0.3012506654336683, 2, 0
0.6988234274394836, 0.2674351408222425, 0.22169698305043223, 1, 0
0.7660472097140882, 0.331281028340348, 0.1413517198588789, 1, 0
0.6539055304328574, 0.21212971715707568, 0.3156103281730554, 1, 0
0.5059070627668916, 0.3551792982156873, 0.4463241856879986, 1, 0
0.598798355937921, 0.2763466451063179, 0.34859805372154407, 4, 0
0.5743994817294023, 0.20776965206612596, 0.29584852861893285, 1, 0
0.7674192244094313, 0.28619343952056, 0.2616413251874826, 2, 0
0.7074042004867245, 0.4578078669328969, 0.3512027765876156, 4, 0
0.5783945203466594, 0.40675587773039457, 0.38846289436873926, 1, 0
0.7023423719233227, 0.4292216641959652, 0.2610816818266873, 2, 0
0.6840715104382149, 0.3620635438035728, 0.3458631757137288, 3, 0
0.6510004149850862, 0.17673119989564479, 0.3278341868670633, 1, 0
0.6452449508454134, 0.33218613911193545, 0.31755614013215294, 4, 0
0.6530005065621021, 0.29799619907108965, 0.31109717291163824, 3, 0
0.5893896066557411, 0.37268161038306546, 0.4548150236475128, 1, 0
0.6205071332970022, 0.16273570925618214, 0.3677600154917003, 1, 0
0.9075051390882849, 0.49001625489893136, 0.08891879711971473, 1, 0
0.8153811518458063, 0.3967451511943262, 0.13115360118460645, 1, 0
0.7200769108681491, 0.3509998034181615, 0.3058770664923581, 2, 0
0.6087278803973921, 0.25636157414421934, 0.3246115862291288, 1, 0
0.5365582211093852, 0.20761565220428335, 0.4645933920988294, 2, 0
0.6624476046100218, 0.41425154688565596, 0.4545493197678874, 1, 0
0.550190570482664, 0.29099948819681276, 0.4103417732222044, 1, 0
0.5423455386813693, 0.383641589743988, 0.5291918862968071, 1, 0
0.7051572356624086, 0.5383988443159206, 0.3592767955020616, 1, 0
0.671165506280032, 0.469704119631952, 0.35279320457839414, 2, 0
0.7227970354663656, 0.3775226232389234, 0.25725514393467497, 3, 0
0.6952504387090184, 0.29606969939558475, 0.4429795475231797, 1, 0
0.741063270770983, 0.3209768355296008, 0.35184583241540635, 1, 0
0.5486212884979954, 0.45694822058443, 0.3787663589670075, 1, 0
0.4511754278856175, 0.09863596891200027, 0.45034073748444126, 1, 0
0.7047957511958229, 0.4311765458876597, 0.3076038373743888, 1, 0
0.5950276394104229, 0.3946146677664716, 0.3582002394003652, 2, 0
0.623411157174665, 0.27652034800663616, 0.3370696508149321, 3, 0
0.6382800534178189, 0.3445069115301081, 0.3802886167569201, 3, 0
0.5930064287048467, 0.24988015296462804, 0.4203095349063332, 2, 0
0.6092892902650806, 0.19301555844046947, 0.3604751785411613, 1, 0
0.5414585455170751, 0.2746871341980904, 0.45402218774064207, 3, 0
0.7281867510903302, 0.43278207331841745, 0.16952209935686052, 1, 0
0.5274570916523419, 0.14132368163270037, 0.5411534367726278, 1, 0
0.6282372663085813, 0.21928803612670028, 0.2548021310227396, 1, 0
0.564677689523849, 0.4191643991999392, 0.34696754225336174, 1, 0
0.504550797083652, 0.19280794844686283, 0.39206729794227846, 1, 0
0.6075946738477974, 0.3725813925861432, 0.3437611424487798, 2, 0
0.6509214168549896, 0.16311193355987913, 0.2845151751468633, 1, 0
0.6260677187491075, 0.3235570686694334, 0.35658104517275513, 4, 0
0.4709598145946243, 0.2355046251569592, 0.48621599200745746, 2, 0
0.6641161499886628, 0.24804984335713826, 0.2567376751383012, 4, 0
0.7409331882882856, 0.32022139004783484, 0.2718532812683031, 3, 0
0.6454670827871561, 0.39171496428980074, 0.3694286751655518, 2, 0
0.6179096569067029, 0.2896499555870469, 0.2402615588469131, 2, 0
0.6885747406405092, 0.3677223490290935, 0.24122787292613454, 3, 0
0.6620987628021512, 0.45786310715494477, 0.3354573328119562, 1, 0
0.565805786082232, 0.23830277437202335, 0.4779444170772471, 1, 0
0.6505982176937032, 0.2686734283145428, 0.34763413673084786, 5, 0
0.7446985342895, 0.21668574206885244, 0.26119767713050884, 1, 0
0.6210126379730142, 0.1782453798000841, 0.38356931415726503, 1, 0
0.6023182036454564, 0.2880719690205318, 0.29820580569958255, 1, 0
0.5033119359158981, 0.283032217752023, 0.4567175349306903, 2, 0
0.6064501339903603, 0.41301907267422683, 0.33997430830542774, 1, 0
0.5891984552820729, 0.08897281071463377, 0.3354449221071334, 2, 0
0.6021632015877831, 0.3551415898833512, 0.3564675045625171, 2, 0
0.7367404840647289, 0.22627361165564192, 0.43961600435649534, 1, 0
0.6478052453105972, 0.18193107397322628, 0.4251879604935665, 1, 0
0.5785767871642274, 0.2650794222822538, 0.4365703570827235, 4, 0
0.6939762443163497, 0.30390193883589334, 0.2154751736893673, 2, 0
0.6651266710547025, 0.3144066143205797, 0.42073087264055786, 1, 0
0.626839978539101, 0.2780795240123545, 0.5105524760892204, 2, 0
0.7802677344257629, 0.3932580333525475, 0.1937933602887686, 1, 0
0.733411330443954, 0.27304418359751176, 0.08711254845613281, 1, 0
0.751809462877922, 0.45179928466854524, 0.2020739138642355, 1, 0
0.6316352958402883, 0.39760569420583697, 0.44050347287604735, 2, 0
0.6526350090152035, 0.25993903403611524, 0.4122640691974196, 1, 0
0.5569482249865092, 0.18858223648719535, 0.3777824784115787, 1, 0
0.6026555692994198, 0.404378819585479, 0.2837763387455128, 1, 0
0.5466833675292629, 0.24109938788314134, 0.3842737401256833, 1, 0
0.4492431264646838, 0.14492632924104532, 0.4366787165351166, 1, 0
0.7022279939780766, 0.39405483707089956, 0.3156842036321692, 1, 0
0.6179019933744447, 0.25558368501067713, 0.36373033420321454, 2, 0
0.603192196800678, 0.257288085495685, 0.30940860560951206, 2, 0
0.810363589190531, 0.5005415907349939, 0.17352057091225104, 1, 0
0.7393963073399028, 0.34285725343544005, 0.11040927825840063, 1, 0
0.6033784394271261, 0.3068530964716528, 0.4207750590578859, 2, 0
0.6084192563852059, 0.314217445462974, 0.3894202147164436, 3, 0
0.6993163829886017, 0.4119917452410805, 0.34602856264315074, 1, 0
0.7633337642734773, 0.42494971194898223, 0.15295217950767015, 1, 0
0.6160369051558786, 0.32349132209715215, 0.422631236737506, 3, 0
0.5118030961471361, 0.08429153086962443, 0.3967356572998123, 1, 0
0.6246253055070348, 0.3200663124337536, 0.3822002848270183, 1, 0
0.5828255211485754, 0.21756623224462412, 0.4586284603950739, 1, 0
0.5811378523879791, 0.3062123177314592, 0.40486168816463924, 1, 0
0.6352650920159375, 0.2538702086831898, 0.3176655775114171, 1, 0
0.7388961079657229, 0.40634123113948073, 0.27034205431146874, 1, 0
0.7316228304271518, 0.455801997250687, 0.2342509806227714, 1, 0
0.6442221658480891, 0.32793771845287534, 0.30224720231677626, 3, 0
0.6863273226315041, 0.33198674853849375, 0.3540370235987248, 1, 0
0.682866790616538, 0.39053877971307405, 0.33436190063667715, 2, 0
0.569283212198338, 0.21172199043684825, 0.6478812897303377, 1, 0
0.6697527374831879, 0.3919034015829145, 0.39790141450622474, 2, 0
0.7552408216104775, 0.5933517675303711, 0.18759698260642638, 1, 0
0.6229296063864233, 0.3718997753062234, 0.4281119248134152, 1, 0
0.5531699994938635, 0.2443432868910147, 0.30650651409024676, 2, 0
0.6115075139184911, 0.33630956605041096, 0.278231262639795, 1, 0
0.592294423438651, 0.15335525550513734, 0.4228706577429572, 1, 0
0.4546835703723489, 0.11693208486716117, 0.38573812295365817, 1, 0
0.6441951474707638, 0.28343998829885503, 0.33314822572353053, 2, 0
0.6315874427602712, 0.22188879102681472, 0.28696616976762274, 2, 0
0.7205582520309798, 0.3005005514602887, 0.29548824954681396, 1, 0
0.5918346907214432, 0.2849105206612319, 0.4366663397400087, 1, 0
0.7250366216694021, 0.4419490251888675, 0.18091609228066094, 2, 0
0.6787810676963613, 0.33863261954582535, 0.27020300325495306, 1, 0
0.7862851857151871, 0.37333870057168705, 0.21349971518760752, 1, 0
0.6754827276262615, 0.4699392241665907, 0.31306728546205753, 1, 0
0.5630877278951586, 0.20929700951593094, 0.5326211113889158, 1, 0
0.6837807972873833, 0.2755304947790407, 0.22222825794638773, 1, 0
0.5025924722620111, 0.10697917372736865, 0.35461357131995375, 1, 0
0.6024191940583348, 0.25830798350382694, 0.3836302109063135, 3, 0
0.6067124102795696, 0.2716039624657961, 0.43793903686472735, 1, 0
0.695343466238266, 0.4905705684155121, 0.26410108202041255, 1, 0
0.5277615746611316, 0.29334839406947044, 0.49091554251582825, 1, 0
0.6699865650503888, 0.38967617679102384, 0.21041313665836245, 3, 0
0.7425241676115932, 0.3724085292364035, 0.43497732601725514, 1, 0
0.6144634811347418, 0.281913241791429, 0.3788189760343511, 2, 0
0.6897723594646735, 0.4418929765587739, 0.3052870143028932, 3, 0
0.6263329028571619, 0.19844457013772845, 0.2672174038749345, 2, 0
0.5683883614630898, 0.31726982455705205, 0.4431527384348861, 1, 0
0.7740297721659972, 0.37296864547798925, 0.3645280898208513, 1, 0
0.7166917074815445, 0.38401600981980877, 0.3415454429612494, 2, 0
0.764629879978274, 0.5046588883308571, 0.2138356147922732, 1, 0
0.5312525766200423, 0.06960934640926858, 0.45213330059213414, 1, 0
0.6887993076788649, 0.3732037781366949, 0.29599682469074157, 2, 0
0.5873413663327284, 0.2675234070291215, 0.39025467705790784, 1, 0
0.5398133515477918, 0.2554556944364983, 0.4223720351360949, 1, 0
0.5932334308096029, 0.11783332386922907, 0.3239364632723721, 1, 0
0.5812627061924894, 0.4399906537142929, 0.40157174151910113, 1, 0
0.7216020112048667, 0.42540638245933693, 0.47040735161802444, 1, 0
0.5389610898684022, 0.40679892678684076, 0.3397070072932572, 1, 0
0.6946917170591878, 0.38480831917146446, 0.23186253787408057, 1, 0
0.8166095018051163, 0.5336246440968246, 0.3162524102425761, 1, 0
0.6018596201800093, 0.23697726864890356, 0.4646668174838428, 1, 0
0.5559931570769578, 0.23193699127225254, 0.452708337136245, 1, 0
0.6396778654867001, 0.3086130069556473, 0.2366309288313469, 1, 0
0.5807181569019004, 0.38063001414140396, 0.3626896887408495, 1, 0
0.5464137940714746, 0.225454719626332, 0.41806132957626374, 2, 0
0.5394838097056917, 0.09071989397371297, 0.4408330015568247, 2, 0
0.5359955035381834, 0.17088152273528678, 0.3066642253411783, 1, 0
0.5891886132604571, 0.4268405332994741, 0.40782414895419067, 1, 0
0.7761029936484567, 0.6011974243336432, 0.1437030282129403, 1, 0
0.5560345326245416, 0.2890919123379261, 0.28427776408878974, 1, 0
0.7382822936993165, 0.1442832173010788, 0.23414860442394075, 1, 0
0.7346223869874844, 0.47222175048034715, 0.23262478587752133, 2, 0
0.6354374817328694, 0.2342977081085657, 0.4007795516136073, 1, 0
0.6367606345698391, 0.4174951502295692, 0.3684657711632042, 1, 0
0.6392266451796254, 0.2627732466500589, 0.19870282917350418, 1, 0
0.6417187313954025, 0.3843757573363739, 0.3557095856241675, 2, 0
0.5313489389726176, 0.27970722802920317, 0.515628475872904, 1, 0
0.7195933818619074, 0.24186793988804978, 0.35901089934147157, 1, 0
0.5375503415959537, 0.3041449804897676, 0.3948632567561187, 1, 0
0.4784037284163102, 0.19814977218500618, 0.43610200673332894, 1, 0
0.882017994237448, 0.37950321233005824, 0.15506341737372192, 1, 0
0.6785692580752373, 0.35311365748186313, 0.37340118979897535, 5, 0
0.7862964709385112, 0.3940312932887931, 0.2313853668290251, 1, 0
0.6476414059418392, 0.32677086320307197, 0.23616185873458656, 2, 0
0.6434904199977709, 0.245214971826234, 0.304670489579323, 1, 0
0.5940669958458416, 0.3211978366068212, 0.4880659824452852, 2, 0
0.5434957513330053, 0.17933415537819414, 0.3645102856841834, 2, 0
0.6371896650280717, 0.36915158405259385, 0.2802560785623951, 1, 0
0.6868025726423828, 0.5072371732968692, 0.3330608286179356, 1, 0
0.501422618732893, 0.40012884564278334, 0.5023390622416856, 1, 0
0.5338635450791782, 0.22379512513985095, 0.34861285328587555, 1, 0
0.5228865912480447, 0.269215406743393, 0.3921124736284428, 2, 0
0.7018030362828644, 0.28959156942485365, 0.27174292820450197, 3, 0
0.5942154916321782, 0.3332688889805505, 0.35283407196649796, 2, 0
0.6632914297965469, 0.2706709574896553, 0.391090677878705, 1, 0
0.6620357588676427, 0.45851620133178683, 0.36319877040553683, 1, 0
0.6766440567886661, 0.35739006122592293, 0.1785246473379699, 1, 0
0.6823957611295515, 0.3202811395100807, 0.43749693884526264, 1, 0
0.878757303933225, 0.378842070765409, 0.10935291693877003, 1, 0
0.7169044325485296, 0.5204309315115475, 0.1933728440905222, 1, 0
0.5364888766562228, 0.26284446194237565, 0.461837838484362, 1, 0
0.5905767282582406, 0.350670298894231, 0.29155987971715236, 2, 0
0.720072822254919, 0.4969905864804338, 0.24644356967909536, 2, 0
0.5378024297050195, 0.3145717763656959, 0.40790529547481463, 3, 0
0.6950105949443088, 0.3093077871122874, 0.16579633010927514, 1, 0
0.5326307495322657, 0.3069090973460519, 0.47362884880002776, 2, 0
0.5592257447799112, 0.3003190674153254, 0.35341293687507613, 1, 0
0.6609689112839501, 0.27961028028488427, 0.18773237814593702, 1, 0
0.7587377104805635, 0.4156640464453759, 0.2002718027642773, 1, 0
0.7762779216705974, 0.6124181477353711, 0.20639422633330762, 1, 0
0.6134690974217842, 0.3316701263660623, 0.29186060645544304, 1, 0
0.6661994544866013, 0.4463238494171164, 0.28177000756768067, 1, 0
0.5464487181532586, 0.43705373348828236, 0.5644185218124093, 1, 0
0.7369802489325453, 0.5214454247575576, 0.21979220811821787, 1, 0
0.7091621902300795, 0.3313402182850375, 0.309516827349363, 1, 0
0.4863138121787566, 0.05559866051387258, 0.6255854018603718, 1, 0
0.8501939683334729, 0.35737593720620925, 0.23828454596144277, 1, 0
0.7244453059473123, 0.32124954347992146, 0.4676584424800018, 1, 0
0.5271521791500153, 0.3641674475369383, 0.4578516453145788, 1, 0
0.6263474017979163, 0.35686521434050394, 0.25965188258845207, 1, 0
0.6535379704469284, 0.471284733610772, 0.3841698661920865, 1, 0
0.6589684830946683, 0.4094558747128534, 0.32126116624500806, 2, 0
0.6992351756368008, 0.19556729801595246, 0.23665328889567777, 2, 0
0.6995821415575766, 0.3255804091282644, 0.36171988291333435, 1, 0
0.6877332695140824, 0.4150025569394806, 0.3293970506014187, 2, 0
0.4144017995916093, 0.15811859028883612, 0.4604778742292152, 1, 0
0.6977502258202285, 0.41576174398138416, 0.17483963230785976, 1, 0
0.6989969243996298, 0.3998141494141832, 0.2731810413356558, 1, 0
0.6131496851524102, 0.24035506003355486, 0.3012048899386056, 2, 0
0.6829137323572074, 0.3689307434807312, 0.38237023767113265, 1, 0
0.6668627986727724, 0.2514684127123372, 0.2718366909482405, 1, 0
0.601406897891243, 0.4298427999269473, 0.4157783258294847, 1, 0
0.6925570177266157, 0.21146401207493337, 0.2832466491107533, 1, 0
0.48616128007463194, 0.08639899113504929, 0.4391506855706922, 1, 0
0.5869772253419727, 0.2794162870451209, 0.19146335224142752, 1, 0
0.5448604036119009, 0.2573865608231241, 0.2680580401876357, 1, 0
0.5765263454135768, 0.27102694883923084, 0.46441833445825464, 1, 0
0.6705686750539261, 0.4879617564721706, 0.41847810479429265, 1, 0
0.6604032221882644, 0.21330753030715904, 0.47368150563535033, 1, 0
0.6637032275969177, 0.25849750742101923, 0.34703699526320525, 2, 0
0.7273036241425413, 0.43836619100208685, 0.34310289508170344, 1, 0
0.6985001550113374, 0.37859570905313766, 0.4184849087006782, 1, 0
0.6501931248739863, 0.34250014387386607, 0.33706376426204687, 2, 0
0.8049877501626973, 0.34128778259144743, 0.2111734167862499, 1, 0
0.6060795138333768, 0.3849613881326927, 0.4235279119482317, 1, 0
0.6909704573853067, 0.35458024536941307, 0.40226236557663597, 3, 0
0.564702350843352, 0.24968701401905183, 0.4628011721612917, 1, 0
0.4492190682544753, 0.17574111200987869, 0.48544679500893273, 1, 0
0.6388381993076909, 0.28856014905551797, 0.3923774858852087, 1, 0
0.7331713146195217, 0.2634624304816425, 0.2449472445673944, 2, 0
0.7184732969130949, 0.20758221615150707, 0.2704734625678795, 1, 0
0.6147449977638556, 0.20074432610586151, 0.3243086331638959, 1, 0
0.6954609493958146, 0.2702515841561006, 0.3543802860890055, 3, 0
0.6231179430768699, 0.2966865649668286, 0.40575364355407256, 3, 0
0.5985116584030623, 0.3496977435124874, 0.41139164475813367, 2, 0
0.7232191615010012, 0.36597713793801623, 0.24870364103334774, 2, 0
0.847139121435959, 0.6098535833901687, 0.16007841215227664, 1, 0
0.5280105348855049, 0.17386054500304277, 0.3847296253265924, 1, 0
0.6832792327175808, 0.21078293707630386, 0.17610358377465207, 1, 0
0.6486644084120529, 0.0790677758653045, 0.2271402009629792, 1, 0
0.579620082269414, 0.34313693130405165, 0.34055933862053556, 4, 0
0.6219534592864138, 0.2225731102752206, 0.29797436924285603, 2, 0
0.6948938284135662, 0.3103519660250724, 0.29346709492488654, 2, 0
0.6259280421414328, 0.4595005930180945, 0.2150907547714962, 1, 0
0.6402537370599184, 0.27567264959880655, 0.32093484924089416, 2, 0
0.6051425308201657, 0.35813763606282834, 0.32362935869094245, 1, 0
0.6671234325810855, 0.3507396415833542, 0.47499799427567285, 1, 0
0.6668389173869979, 0.16242717326017778, 0.35432930673877844, 2, 0
0.589475161465235, 0.2595361093561239, 0.4035304235232968, 1, 0
0.7319040943386543, 0.28803841731835156, 0.21703178293616857, 2, 0
0.7423267479488289, 0.4193400461313139, 0.3386110948054781, 1, 0
0.5125104669880348, 0.0942274918310202, 0.4517304686027019, 1, 0
0.7337090360210958, 0.3449924494998708, 0.27472579606946007, 1, 0
0.6103124606176491, 0.27923702245751597, 0.4041772587126627, 1, 0
0.7074759776791651, 0.3804020574906344, 0.3057682607121268, 1, 0
0.6079178085184295, 0.32600794120013954, 0.3500415934459236, 3, 0
0.7333750961093227, 0.40725017649104317, 0.20630613632460104, 1, 0
0.48841840799956315, 0.16401386562574627, 0.4999639306969029, 1, 0
0.5918075597643018, 0.21522962908193644, 0.37890661499621614, 1, 0
0.559186186803479, 0.4658874503155282, 0.3678465877462583, 1, 0
0.49318933162295525, 0.21150972509853266, 0.482079524781511, 2, 0
0.6918516270137087, 0.34398102499406935, 0.307674383057388, 1, 0
0.7193613934358302, 0.14355035203309868, 0.23968137883115737, 1, 0
0.5910049838013149, 0.45850084384266715, 0.2909156958194939, 1, 0
0.5544080554422419, 0.3151610886586083, 0.5327388494931337, 1, 0
0.6841007930284355, 0.35976050126480963, 0.2213293344907267, 2, 0
0.6083602512789781, 0.3522354342394671, 0.516529673169096, 1, 0
0.6030710116289246, 0.2260628424385112, 0.26130167616899685, 2, 0
0.4923554640509066, 0.199773771690193, 0.5256312114556536, 1, 0
0.7528241643766964, 0.4688920398647435, 0.21561381951042852, 1, 0
0.6928473890338633, 0.37752982717443834, 0.33434779848419577, 1, 0
0.6481469982597154, 0.3717693872254417, 0.26963858628062837, 1, 0
0.6543970061521065, 0.4476913200834967, 0.23663506920557154, 1, 0
0.5870547956170231, 0.4145247005844832, 0.3352673470661186, 1, 0
0.5917428222678105, 0.22616174328290856, 0.2529628419089972, 1, 0
0.7428524612190097, 0.5725839973577804, 0.23511009574809505, 1, 0
0.7088468083003031, 0.5296239869460185, 0.25289793805215, 1, 0
0.7055563981975945, 0.43462288633445895, 0.15604536196666202, 1, 0
0.7792090719114231, 0.42472045945820974, 0.30234486581607506, 2, 0
0.514854685109285, 0.16575871993509933, 0.43920179584699376, 1, 0
0.6051924050316648, 0.293581044918097, 0.44179952025522684, 1, 0
0.7490129813978929, 0.30548637419249164, 0.22648391097813078, 2, 0
0.7111766639513493, 0.29547216161804396, 0.35707064018988177, 3, 0
0.5346584230369301, 0.18971751251187963, 0.3995270266770599, 1, 0
0.6808484930281634, 0.21190546332683036, 0.25064749119746454, 1, 0
0.5586157650922349, 0.26971757896821424, 0.3957497976369596, 1, 0
0.793079014281575, 0.4446471199593838, 0.26054331533837044, 1, 0
0.7402758346247459, 0.19852760427589733, 0.33070932671106795, 1, 0
0.7600210847099278, 0.33593499986927766, 0.29589168019300893, 2, 0
0.5235558304251129, 0.3283341416343022, 0.5909533965210988, 1, 0
0.762665062337709, 0.27608250308410504, 0.1741187810796358, 1, 0
0.6017662044147952, 0.33417578791211455, 0.4487631190457677, 2, 0
0.6811047887965557, 0.38115438041440103, 0.2504638286957894, 1, 0
0.5952628115460201, 0.2635428691056523, 0.3429737252017222, 1, 0
0.6957414379985937, 0.3845545243366874, 0.35113776798459584, 1, 0
0.6019402604689632, 0.25433086484059764, 0.18969538353790716, 1, 0
0.6168876434632471, 0.3262944180240873, 0.4923444987428658, 1, 0
0.7572209026453878, 0.3574125424535, 0.15550534802538368, 1, 0
0.6987201301979147, 0.40985938438209707, 0.19226894233079367, 1, 0
0.6377753729621605, 0.15602266920361535, 0.35920380596145973, 1, 0
0.5161935397655648, 0.2910869299502029, 0.4370265567031723, 1, 0
0.6788663099978335, 0.30603560227072735, 0.38307761660224743, 1, 0
0.6999970701681906, 0.32001446823500035, 0.3020105787304626, 2, 0
0.5405697500393082, 0.28440098870250674, 0.3984491368972557, 1, 0
0.7160823190758826, 0.3687662914389517, 0.3471523895706413, 3, 0
0.6161386787754195, 0.2711591085833055, 0.3511438190191723, 1, 0
0.5219515301546852, 0.0455537236905848, 0.4214097114386767, 1, 0
0.5748473834574384, 0.22196368876563494, 0.44588343881384895, 1, 0
0.6666789015276781, 0.300078391895141, 0.19395182948493617, 2, 0
0.6547532489370574, 0.3958203736092235, 0.2984659270309564, 1, 0
0.4735824058360254, 0.12834301531164533, 0.3851353316677174, 1, 0
0.709882923543403, 0.5235434766054782, 0.27360727956680125, 1, 0
0.7307525149423735, 0.32737107505309615, 0.15046435604756797, 1, 0
0.6028069868799786, 0.24235626777229896, 0.36442961549595054, 1, 0
0.581384364785793, 0.19562132213956807, 0.43347631245842566, 1, 0
0.6751708638524453, 0.3140372014005609, 0.20261934155870978, 1, 0
0.6072495068986599, 0.4448777731421536, 0.46399945168300005, 1, 0
0.6010438001038024, 0.2061171678380549, 0.27988325202501607, 1, 0
0.6218236735516325, 0.21844805791864313, 0.4179415473726598, 1, 0
0.6466953513524542, 0.2718024956294345, 0.29354679405610734, 1, 0
0.6952697226016571, 0.45949050268161373, 0.3170298581058667, 1, 0
0.6499975974070156, 0.2572368728269566, 0.2545773901115152, 1, 0
0.648910874867313, 0.361194119993771, 0.23491001348376292, 2, 0
0.7324321814689947, 0.30206552527546715, 0.12213646457023652, 1, 0
0.6730188504547756, 0.44334835516637383, 0.46108801059519317, 1, 0
0.7405413847989317, 0.3266374905793164, 0.18755413752750183, 1, 0
0.6537004416967854, 0.2925278976542238, 0.4282498210803259, 1, 0
0.5114640730295268, 0.13723337323350482, 0.5138144181569331, 1, 0
0.6985556088653211, 0.4605197805689429, 0.2387278415634554, 1, 0
0.582483634780218, 0.2350782355491905, 0.41141706784049115, 1, 0
0.5910329183649462, 0.27894003274012313, 0.2734145033146458, 1, 0
0.5749889327031276, 0.29761467504765216, 0.2925378363306278, 2, 0
0.5982055455631363, 0.23840563018665833, 0.43555655668040083, 1, 0
0.502857771165289, 0.17315476815337533, 0.34919038102527833, 1, 0
0.7471944154552195, 0.25173445219640556, 0.20084020064969127, 1, 0
0.7240949604912585, 0.5348980020100663, 0.24611813020903628, 1, 0
0.6251686064881938, 0.3296518884842621, 0.24640440878897096, 1, 0
0.6618565721393737, 0.43152777326004715, 0.3559806038650136, 1, 0
0.7126705528265793, 0.41695461862289723, 0.35368957070292106, 1, 0
0.7423372882956032, 0.3451483144788917, 0.4050570802567666, 1, 0
0.5283541228166717, 0.15502115015254575, 0.4632346281065212, 1, 0
0.6231065445246214, 0.11864757135496584, 0.41589485732628345, 1, 0
0.6127923780359108, 0.37536088067088497, 0.4131522654274531, 1, 0
0.5707737690325496, 0.18135738278871294, 0.45143765614460446, 2, 0
0.41000684437315993, 0.17652346191378016, 0.5355734933681356, 1, 0
0.565966918665879, 0.3134049798561238, 0.40311958559475825, 1, 0
0.678472338724474, 0.21932984865937794, 0.31824280817806394, 1, 0
0.5847753928371965, 0.3099838012207198, 0.4774137860697911, 2, 0
0.5941024165337323, 0.3645144210814729, 0.4901252106108756, 1, 0
0.6261065560484406, 0.42637142114790866, 0.43419357986371515, 2, 0
0.7557131186034796, 0.31807782183606037, 0.28147834106139413, 1, 0
0.7020906087283049, 0.44099068730170593, 0.3849281761034835, 1, 0
0.6195540938574412, 0.3887908037568454, 0.21514650646283517, 1, 0
0.7590110190609075, 0.5122377395472963, 0.15360747801842267, 1, 0
0.5588569235518333, 0.280633622292178, 0.44665193255653113, 1, 0
0.7487105058998478, 0.22258152510163176, 0.4003238873947228, 1, 0
0.5651578222033449, 0.24595909618705256, 0.3789233584777152, 1, 0
0.7734216373597942, 0.3077056228972562, 0.09924113909249865, 1, 0
0.7269008267090753, 0.44015949527740383, 0.2970522934315069, 2, 0
0.7388729807906396, 0.33217622500205635, 0.33280255747989446, 2, 0
0.5718134293701214, 0.30650340557689965, 0.48394607179889154, 1, 0
0.5520215486851535, 0.2529900598095597, 0.3540999087292657, 1, 0
0.708626430985618, 0.09624013347241511, 0.29460773529938566, 1, 0
0.549799576934573, 0.14718831479747801, 0.47132441701142036, 1, 0
0.7125857789938063, 0.3148937732269872, 0.24397794314796567, 1, 0
0.6989143665520487, 0.2626219543867866, 0.2671222489550592, 1, 0
0.4862019204569848, 0.3203545054981265, 0.4831558859707174, 1, 0
0.8158935248732728, 0.44403424367742467, 0.21055737770470717, 1, 0
0.6086529114309976, 0.12759674152515732, 0.36337927954590177, 1, 0
0.7783006840994144, 0.39687924911226896, 0.31403097282256875, 2, 0
0.7339681928106964, 0.26967739836971455, 0.26675569294625806, 2, 0
0.7000539657362703, 0.4580682222219412, 0.28747628865676694, 2, 0
0.6461270978563232, 0.3935841895968335, 0.4061882812102491, 1, 0
0.6255056657436753, 0.23089571060775194, 0.35182245191150363, 1, 0
0.655577691665119, 0.22247737188929706, 0.2803144317119658, 1, 0
0.5460929795471581, 0.2760783695649746, 0.34960586745179445, 1, 0
0.49062033707220587, 0.2527673066800869, 0.36291410470631325, 2, 0
0.6417443119868492, 0.42611875695478, 0.2782097686688958, 1, 0
0.8023239842303915, 0.4586853565259103, 0.09881673900680138, 1, 0
0.6401129430177005, 0.3234656880521154, 0.4742954739683058, 1, 0
0.6154221305521185, 0.17690769291155156, 0.3053132206131983, 1, 0
0.6569382467503911, 0.1980572263420457, 0.39410410374197796, 1, 0
0.8995853470087416, 0.5549734577554009, 0.16806052580055247, 1, 0
0.7405992836461398, 0.5226284648088082, 0.2563534424482708, 1, 0
0.6460988859025723, 0.40924075715557184, 0.4048437851007519, 1, 0
0.6024964887721131, 0.42684018624871756, 0.34454755251899416, 1, 0
0.5906738270559326, 0.39438504903019056, 0.4094687569267711, 1, 0
0.6973427647610304, 0.27307533074608004, 0.4037532750408875, 1, 0
0.679830516013692, 0.2941427327465018, 0.35723521767892236, 2, 0
0.6218730641650964, 0.211985428682388, 0.2751335000561918, 1, 0
0.624758010503911, 0.19388157996151734, 0.3462091853129504, 1, 0
0.7865253592045476, 0.2940156284964235, 0.15605251948665266, 1, 0
0.6735787565823044, 0.43902890178432774, 0.3249301332390091, 1, 0
0.7211980208166134, 0.4009513562944421, 0.29249690730932704, 3, 0
0.49242624208009234, 0.29508223091382824, 0.5560389659122622, 1, 0
0.7504199074848577, 0.41867019608386874, 0.4010519146846686, 1, 0
0.710859173542177, 0.38839853482013886, 0.2883774837166522, 3, 0
0.8536085293521868, 0.33372590710430516, 0.0855121807076919, 1, 0
0.6093724196596275, 0.20932107415873433, 0.40317380578473905, 2, 0
0.5234229363128591, 0.18515536751974188, 0.3414691661341336, 1, 0
0.6326857573068438, 0.29782041329720327, 0.3324832506144949, 2, 0
0.5494456827499831, 0.24942708548721837, 0.3714077311717875, 2, 0
0.6254893505152407, 0.22305676722114115, 0.3774293956436258, 1, 0
0.7735644922733699, 0.4517898695381749, 0.31143510375332695, 1, 0
0.6713150424304283, 0.2392365460283859, 0.4667381216406061, 1, 0
0.6416297235621099, 0.4190145861353925, 0.34975796975027945, 3, 0
0.7302031850502002, 0.23522206118856442, 0.2755126162744575, 1, 0
0.6547831660839744, 0.3499378743069054, 0.21655863382617987, 2, 0
0.6204705316482962, 0.3570366986030853, 0.41335435577982144, 2, 0
0.8025096289905702, 0.3931303473276971, 0.10736009820077802, 1, 0
0.6950902080742519, 0.22799622741287, 0.2478914844954062, 1, 0
0.8267496957727571, 0.5059308655230482, 0.1743231725116336, 1, 0
0.6174707250287488, 0.3056808215952578, 0.45472906574897054, 1, 0
0.4984792893938969, 0.19352609876842408, 0.46062233687396964, 1, 0
0.5897809069328857, 0.3734287419036115, 0.5347175565786078, 1, 0
0.606527822062001, 0.34633541697994036, 0.2948919662176467, 1, 0
0.679351420472796, 0.4077947818078818, 0.28605033064538077, 2, 0
0.5378218332437141, 0.2903308129919612, 0.32277173940169773, 2, 0
0.5762769079694495, 0.4230658006717881, 0.3990151801530691, 2, 0
0.6654321183627862, 0.41846715092056985, 0.25821282684451885, 1, 0
0.5805167536777607, 0.2848388830666503, 0.2959591351942756, 1, 0
0.6419963141133679, 0.39494756957269206, 0.3913907387759531, 1, 0
0.5389503525077921, 0.24279377223869258, 0.45581634451693465, 1, 0
0.7070003125914651, 0.30695232473326817, 0.26265000314801595, 1, 0
0.6175869400066186, 0.2994049552904483, 0.2558259146295412, 1, 0
0.49402817001124893, 0.19911021519894356, 0.5620001103726141, 1, 0
0.5643600977303479, 0.23580588143351155, 0.317336639269312, 1, 0
0.589782926397409, 0.3048303573865715, 0.4321053043202996, 1, 0
0.7507160720854591, 0.6114126323804244, 0.22900324555864532, 1, 0
0.7337885108387675, 0.5487213397153843, 0.2766081985764575, 1, 0
0.7301103969888645, 0.2712617033523577, 0.2846905082133781, 1, 0
0.5234229344306105, 0.2563732838321651, 0.3071071209916795, 2, 0
0.6077241379334606, 0.38887735975943305, 0.3834504992025717, 1, 0
0.6210981496032164, 0.5030423685013724, 0.40908185866744745, 1, 0
0.7224805177870846, 0.34776574855001774, 0.2916678134717174, 2, 0
0.746737757289709, 0.4659458054441276, 0.2532421617915373, 1, 0
0.7669668215948422, 0.3864147390226859, 0.2054382541974984, 2, 0
0.5993257745505092, 0.3429397325562249, 0.2696077628993147, 1, 0
0.6733336287717722, 0.26057904909420193, 0.4364188700921102, 1, 0
0.6759088548918917, 0.17040431804757417, 0.11046453665137829, 1, 0
0.60532786267077, 0.3992410488500241, 0.3389649733192843, 1, 0
0.6568030533950762, 0.2623996806176144, 0.2365449473605784, 1, 0
0.7774025606250593, 0.5137461994516325, 0.298022832292247, 1, 0
0.6606795732215015, 0.36551136230877196, 0.21264065953718503, 1, 0
0.588927300747251, 0.15899034858708005, 0.5065459178030308, 1, 0
0.7414258539841218, 0.5357402554041323, 0.1617446363639074, 1, 0
0.6475476961257473, 0.21250652196885925, 0.41654682315354513, 2, 0
0.7157485547767921, 0.3992452460204136, 0.16367664954603678, 1, 0
0.7802918713156577, 0.4420856693209984, 0.370661727207531, 1, 0
0.517586011182771, 0.22217375141511025, 0.42164927485513093, 1, 0
0.5414616132744183, 0.22164280324868701, 0.38137290110056066, 1, 0
0.6784210262343251, 0.3357110149310825, 0.3422914768448093, 2, 0
0.8063067976916212, 0.4003521185455372, 0.3118001975984477, 1, 0
0.5443505551379086, 0.2655083467446226, 0.41193316066142494, 1, 0
0.72331726771776, 0.32280452639902213, 0.2174462670447645, 1, 0
0.7282788282698835, 0.26140862871044623, 0.2293058686071796, 1, 0
0.49894547007660606, 0.26040801626347737, 0.5113205464407181, 1, 0
0.5835599782965448, 0.16033470114079612, 0.3041759390048876, 1, 0
0.5069244436436485, 0.1900086909389872, 0.25064177177708596, 1, 0
0.6939477186859649, 0.3765435752084363, 0.2543354202880633, 1, 0
0.6808401916945346, 0.5273797916421166, 0.2777607267175728, 1, 0
0.7367461489858551, 0.33455098554354756, 0.22907015060440966, 1, 0
0.6629287785063452, 0.31157727020247566, 0.3598735099064382, 2, 0
0.7331614790754867, 0.4003259157609459, 0.2529557047941965, 1, 0
0.6753588156469195, 0.38201940958992747, 0.2982527304413813, 3, 0
0.4951109783517996, 0.2777819192545688, 0.563118909338406, 1, 0
0.6253455581565109, 0.14628188442863943, 0.2645360452105902, 1, 0
0.6542598041128987, 0.3375476997677218, 0.38280112570582536, 1, 0
0.5351059938698913, 0.3402467306265921, 0.48497559042211325, 1, 0
0.7548560229954899, 0.3257423737183448, 0.184455404343015, 1, 0
0.647882417312396, 0.5027720223705185, 0.24953294149985783, 1, 0
0.560965340120575, 0.14229234968027765, 0.45572438137360144, 1, 0
0.6827576843771588, 0.4000334230997485, 0.2099145193761311, 2, 0
0.6456004689240026, 0.4159226593090042, 0.5019278193996748, 1, 0
0.5160280487702327, 0.35184037275792446, 0.435799440316755, 1, 0
0.7333545061386882, 0.5533408834513809, 0.2554968574563954, 1, 0
0.7809886364341587, 0.31594068610336323, 0.19652757426807588, 1, 0
0.5146258147141957, 0.20700090564737683, 0.4966486591375534, 1, 0
0.4924107721889832, 0.16390039001774254, 0.5443410901434796, 1, 0
0.8179958264710446, 0.3211361098494392, 0.15967487467583952, 1, 0
0.6928818910233799, 0.29190922340458125, 0.2925267766406461, 1, 0
0.5563783839165626, 0.16512514662267225, 0.42268392403854105, 1, 0
0.6358163944065368, 0.2742264443411834, 0.4000072123009434, 1, 0
0.8252638471209762, 0.3674425333521565, 0.19985699869705598, 1, 0
0.8723339020993097, 0.3845684722843365, 0.23888236200238433, 1, 0
0.5201531620903174, 0.17169337722643835, 0.4019067347348755, 1, 0
0.7710051645481459, 0.4550693157611951, 0.24861547633177028, 1, 0
0.5389883824167823, 0.43754150273239867, 0.41952605697386675, 1, 0
0.6080302063524867, 0.2218878051647276, 0.37884154557219485, 3, 0
0.5142820313030835, 0.27965648750679634, 0.4125368250638349, 1, 0
0.54870124824948, 0.1235306768928135, 0.46185728831326195, 1, 0
0.5831433427180421, 0.35948108203036067, 0.44761231426582887, 1, 0
0.6255070596660295, 0.2552742552374438, 0.4358425286718186, 2, 0
0.5780433147596385, 0.13260033059420023, 0.33332026396757186, 1, 0
0.7001158780188417, 0.5807282902446267, 0.45586434383010843, 1, 0
0.559806601813602, 0.275899377162112, 0.42778719923363256, 2, 0
0.5211236414642879, 0.1617641767752141, 0.36754531867313267, 1, 0
0.7012810816456383, 0.23754820653153663, 0.3705910921179524, 1, 0
0.6517695466315269, 0.4581893397310786, 0.37959771808915205, 1, 0
0.7001665631779295, 0.364062973484463, 0.38156140942088007, 1, 0
0.7177068877491464, 0.40115985579162894, 0.23187748809673403, 2, 0
0.664833911560898, 0.34329059337014944, 0.4510167438449057, 2, 0
0.45354212786684744, 0.12032865567339152, 0.35609852471837633, 1, 0
0.6437069587810661, 0.3376070221379972, 0.4158683856259847, 1, 0
0.6750474163577399, 0.18658681646646164, 0.3297727415992203, 1, 0
0.7043422768110257, 0.3572784754680761, 0.2543920721673971, 1, 0
0.5982817171046351, 0.256781357432358, 0.43976036933252133, 1, 0
0.5653243177995448, 0.14559730602451915, 0.3136454298210583, 1, 0
0.8060324244994211, 0.46295852043879365, 0.4598162616724167, 1, 0
0.6215478574974179, 0.34436624425881135, 0.3009388810081503, 2, 0
0.45608701724726314, 0.21151916064990522, 0.3988136205041647, 1, 0
0.7897878293094256, 0.24776809285567608, 0.25310383346022536, 1, 0
0.6538950957208863, 0.34708213520576436, 0.3161413163071688, 1, 0
0.5262889555362048, 0.26697474437564667, 0.4779287044111934, 1, 0
0.7192393819303949, 0.5437074668837479, 0.33053489203697717, 1, 0
0.7199264984538445, 0.30521374251362854, 0.41035482518752514, 1, 0
0.6998188599940347, 0.2137174466224866, 0.2965309283004073, 1, 0
0.627005849407816, 0.3785673508154849, 0.321525208999753, 1, 0
0.6194393677652414, 0.1684226127095932, 0.21293885991726474, 1, 0
0.6933750818188292, 0.34247167646443044, 0.34498696857859695, 1, 0
0.518668557458671, 0.21159215890464383, 0.44685738080920556, 1, 0
0.652328673511227, 0.45173563253618404, 0.45516830616500803, 1, 0
0.7457591190930409, 0.3288255199461284, 0.15507092329050265, 1, 0
0.7048732758352069, 0.48693239280916395, 0.17868198416736075, 1, 0
0.6624469875327357, 0.4364651330367631, 0.3024873385934152, 1, 0
0.7891917324870865, 0.5322631290405867, 0.14297592805383036, 1, 0
0.6638218126648819, 0.29011870499905507, 0.2557045192689098, 2, 0
0.7882508263178852, 0.39084653842644185, 0.17751588511237054, 1, 0
0.7378080091118453, 0.3454323243044711, 0.2159509820251746, 2, 0
0.5585039758303677, 0.2050430033902843, 0.48120837119544957, 1, 0
0.6833527095909009, 0.3670267736899043, 0.2667537451458908, 2, 0
0.7523919757177426, 0.5670454098186437, 0.2899813141422345, 1, 0
0.5851118837958025, 0.4020945393502898, 0.4578322404996778, 1, 0
0.7268494452252359, 0.30390544766584116, 0.3254009740874442, 1, 0
0.7196632065133617, 0.4132360209358872, 0.17072906155745016, 1, 0
0.5859852094841167, 0.36104863840408785, 0.35033856239165473, 1, 0
0.7969699363889201, 0.3850226212026394, 0.23253617928471193, 1, 0
0.7346016051036338, 0.40705749338342345, 0.16718793321055148, 1, 0
0.6092521409891567, 0.15705182462455802, 0.38473344111813823, 2, 0
0.7681899611120818, 0.2856613414531536, 0.22665031106829164, 1, 0
0.6517907500750209, 0.30234669546880205, 0.3328682944770069, 4, 0
0.6796505153224025, 0.3082563081135144, 0.33580564560627524, 2, 0
0.7521996063644634, 0.3406972038791838, 0.23802256117780085, 1, 0
0.5492575402180007, 0.22214385569611456, 0.2847447729434266, 1, 0
0.6679464516641143, 0.47836015073418164, 0.45484747283636484, 1, 0
0.7682509655575439, 0.24424427937369153, 0.17037153561994556, 1, 0
0.5601892526165387, 0.3439302150089278, 0.3312685005408108, 1, 0
0.5936476686333497, 0.3252098956339926, 0.3759298665353315, 2, 0
0.5699196058985713, 0.5292501203977167, 0.3632831821641348, 1, 0
0.6733865881482601, 0.27801942522051687, 0.36199643978490625, 1, 0
0.5545604928534114, 0.275994510817432, 0.37437589983952313, 2, 0
0.7368897978096527, 0.28153175503937033, 0.16595182230266614, 1, 0
0.6492647258655866, 0.18726680736928009, 0.28339392689574655, 1, 0
0.6853375981804563, 0.48641901016502825, 0.22405920764721549, 1, 0
0.7673864188844811, 0.41395598903652275, 0.2318549573810874, 2, 0
0.8095870951710393, 0.5125918155090562, 0.28722601146428395, 1, 0
0.5577614150395845, 0.30669005174565744, 0.26627299813053207, 1, 0
0.690541448292873, 0.2666139155636716, 0.27828435027785847, 2, 0
0.6922216085308417, 0.4021438818111204, 0.2548356462271116, 1, 0
0.6249999488913389, 0.17089082210408624, 0.29351621151535834, 1, 0
0.5598904614622032, 0.3720175465397194, 0.3571392633381683, 1, 0
0.5916905762452958, 0.26680432403524995, 0.3244163957506318, 1, 0
0.628484994914128, 0.21391031193877924, 0.47511266464379803, 1, 0
0.8385606786495747, 0.38462677123700895, 0.25383496277091117, 1, 0
0.5696410027332405, 0.0752127178345553, 0.43881239875280387, 1, 0
0.6813896358603249, 0.4086473568803117, 0.34722510209114366, 2, 0
0.6792927860293556, 0.4111145815046001, 0.42245363414771836, 1, 0
0.7276375352692477, 0.42729570414180745, 0.3090058787872867, 1, 0
0.7771896842631214, 0.4104077652172571, 0.2577863774245183, 1, 0
0.707653852213055, 0.5054198129487157, 0.20457824968336163, 2, 0
0.6731968381031711, 0.1950197477127975, 0.30268037526954406, 1, 0
0.7638439767450205, 0.29672120404200775, 0.2183679108442833, 1, 0
0.7119350304568448, 0.23197967351751275, 0.08469366450568533, 1, 0
0.5179488187309276, 0.20471851267754126, 0.42534670982522715, 1, 0
0.6186118904305704, 0.2985151509661833, 0.2699256038429897, 1, 0
0.543321314537668, 0.17500183318545176, 0.3799597080078957, 1, 0
0.6466673893864822, 0.4413640863097157, 0.28521170348533587, 1, 0
0.5799125964001599, 0.42141210467351553, 0.318212337970348, 1, 0
0.5897378854678401, 0.25948291570372806, 0.4833189986005726, 2, 0
0.5951712909707308, 0.23338032754047072, 0.2767287846977283, 1, 0
0.7733272585132213, 0.45124981083562066, 0.41328705344594474, 1, 0
0.7044845823161099, 0.38159725587126214, 0.32442493909933673, 1, 0
0.5858490903401857, 0.3700181114492017, 0.3303720985628527, 1, 0
0.7557547138883169, 0.36166017417569585, 0.2543029089114271, 1, 0
0.7510461413185242, 0.368750419554165, 0.3043165905425803, 1, 0
0.6919505271584536, 0.25667287538733996, 0.4140267626758464, 1, 0
0.520691867659008, 0.2134259106015588, 0.2533238653083141, 1, 0
0.6887211590769038, 0.40226095245798354, 0.4374606141184075, 1, 0
0.7071714431647115, 0.34530711663034575, 0.3143307083944672, 1, 0
0.7676151353948599, 0.526944017109983, 0.2824290976652698, 1, 0
0.45101809408781435, 0.196217854530028, 0.4663566369326271, 1, 0
0.520193968787459, 0.1730686898042546, 0.5674735362856396, 1, 0
0.7239215848589645, 0.41190581061848736, 0.14474653998598563, 1, 0
0.550647514695686, 0.29481303390621744, 0.3378784364490428, 1, 0
0.6805286835788864, 0.2763501527559169, 0.25423727549331765, 1, 0
0.636636153438775, 0.3773970586582508, 0.2971260930776523, 1, 0
0.5088794777971847, 0.32963252874425836, 0.3930976575898797, 1, 0
0.7253011530566948, 0.4382839114670639, 0.2531767111592792, 1, 0
0.6482495290143901, 0.37559306199416276, 0.3886835014671626, 2, 0
0.46030205954420145, 0.1508483517538055, 0.40304132970374607, 1, 0
0.7357495596875564, 0.12805641615983987, 0.2515995575398468, 1, 0
0.5006940878452023, 0.14585606256202066, 0.4487343697664446, 1, 0
0.6487318556744692, 0.48484988166229814, 0.39005446115374465, 1, 0
0.6944954669167074, 0.2983562443404505, 0.3201935499694338, 1, 0
0.6267923901293423, 0.42194975764730697, 0.34867015199192636, 1, 0
0.5860466429879664, 0.3331832191380051, 0.32514591520752467, 1, 0
0.701164935141821, 0.33572213837845544, 0.19027947890087615, 1, 0
0.6966654927713279, 0.4033584009402374, 0.28772839925766297, 1, 0
0.7788631512857099, 0.36122732516850486, 0.33676996695516137, 2, 0
0.7533319218067469, 0.3796126401743176, 0.14508034276100285, 1, 0
0.6041453693917637, 0.27451266261969426, 0.4671460880362482, 1, 0
0.6949577402892119, 0.3529720937663773, 0.2879750087663845, 1, 0
0.7198422388522335, 0.26236615488008685, 0.11240792594582871, 1, 0
0.8516070991322751, 0.2674228049897248, 0.12464173937253825, 1, 0
0.8207239128218002, 0.3516248581744261, 0.2825734171512219, 1, 0
0.7667068613195553, 0.515356168894707, 0.14095701074307515, 1, 0
0.6678917800319145, 0.38874473332026205, 0.24365329046687473, 1, 0
0.7087317090990599, 0.4765191943476375, 0.3642648191511188, 1, 0
0.7339309672217361, 0.3187497386559486, 0.02552291572582721, 1, 0
0.76801404649921, 0.39434343479636075, 0.34600187295174517, 1, 0
0.5431167356079328, 0.25266896967170815, 0.4806911839887875, 1, 0
0.6225942100648731, 0.191785271630819, 0.11318965921989471, 1, 0
0.6971935838180908, 0.3879322236798753, 0.2010373481125371, 1, 0
0.5145057487111133, 0.1748824070889819, 0.29997868556834684, 1, 0
0.7280025487373393, 0.39385664747364607, 0.21249062118257528, 1, 0
0.5149393601400363, 0.09596145667420172, 0.43688715370483766, 2, 0
0.5470667917763908, 0.19877864799170303, 0.5445263455676648, 1, 0
0.75126278114358, 0.3424002532084949, 0.3354835284505518, 2, 0
0.9291399325385843, 0.6044352707669284, 0.16750367357094303, 1, 0
0.7041461919500048, 0.3032171134765585, 0.3336341144186997, 2, 0
0.7416013320992456, 0.2939767921557208, 0.2331301481366565, 1, 0
0.7488788777309753, 0.4024190314361795, 0.33797862816437174, 1, 0
0.7079261773501626, 0.40875710623146144, 0.3148937869104351, 1, 0
0.8261828970713491, 0.4784578472032801, 0.25134830869171776, 1, 0
0.5532618202790505, 0.38761958520912787, 0.4763868199776219, 1, 0
0.8259238415436443, 0.4083667765053274, 0.2884051044961486, 1, 0
0.6467467560968284, 0.2633784760118808, 0.4285741730488195, 1, 0
0.7024585443103134, 0.36835216806061344, 0.33972621690071547, 1, 0
0.8963819525919272, 0.4722226975847251, 0.08213374952298902, 1, 0
0.6988879063863216, 0.13989259865411963, 0.3576052731484741, 1, 0
0.7168544251621572, 0.5130552697157188, 0.43857908687676783, 1, 0
0.4490343124493473, 0.15891939141485734, 0.5734783999711501, 1, 0
0.80910451945825, 0.4025264231579021, 0.19370630106845704, 1, 0
0.49146300397553844, 0.17050922084796344, 0.38548757211397555, 1, 0
0.6653460051569535, 0.4116048568496693, 0.2717969947004898, 1, 0
0.5279829783456722, 0.32820579639189285, 0.4163621882380071, 1, 0
0.7247674612186301, 0.479564790506439, 0.37574206958813045, 1, 0
0.5053999812387898, 0.16660474796790725, 0.41585387009664454, 1, 0
0.44411795515216984, 0.24904332875915614, 0.481779567249087, 1, 0
0.77966244893857, 0.30482258068476975, 0.265494660605155, 1, 0
0.4939981886583446, 0.268616406884202, 0.46784017043848236, 1, 0
0.6441853302079861, 0.2951439584927634, 0.29332102171214985, 1, 0
0.6328896586431262, 0.1996817942864286, 0.31371935074918966, 1, 0
0.7314577666971456, 0.34568368704881247, 0.3425771175167024, 1, 0
0.6590357828541673, 0.33901517909395434, 0.294555352342461, 1, 0
0.7390530116890561, 0.4018560812708115, 0.10640927499162489, 1, 0
0.485258109337639, 0.0978801750726988, 0.31792831022104084, 1, 0
0.5094116255453801, 0.23900077644367157, 0.36902410753008386, 1, 0
0.6049348232789009, 0.31665192473216575, 0.300295547107269, 2, 0
0.6164562136228484, 0.2510008855107058, 0.3811000280843163, 2, 0
0.6984707221566557, 0.5045856784220749, 0.2273862835051586, 1, 0
0.5519781247301199, 0.12297302743262856, 0.38809169540071387, 1, 0
0.7898389875286085, 0.4139690325223849, 0.2970879890490776, 1, 0
0.5117208107842169, 0.2109756872570634, 0.515900156282334, 1, 0
0.6583560340419536, 0.32876975788569685, 0.3649872203087453, 1, 0
0.6923806630947225, 0.5292966018595432, 0.3050538944367607, 1, 0
0.7114193525121221, 0.292716062598361, 0.1942845848912192, 1, 0
0.5755327378788959, 0.12749159070462274, 0.3772871956770486, 1, 0
0.5551575904468157, 0.37300922870150344, 0.3359239490751401, 1, 0
0.6284165376102901, 0.38397246114326244, 0.3815856567312801, 1, 0
0.5629623674717965, 0.35318823437342484, 0.4603086797651279, 1, 0
0.559610475632772, 0.31073658260952886, 0.46924517669611254, 1, 0
0.6708445898545132, 0.3466213177226016, 0.18926581278783472, 1, 0
0.5438898391062615, 0.23842126567426275, 0.4114385785328345, 1, 0
0.7737802945494141, 0.4291462961760635, 0.2742151831942193, 1, 0
0.5364314770774722, 0.3180341774052028, 0.49464940289594805, 1, 0
0.6175069012179271, 0.31668953691723667, 0.28539317539983483, 1, 0
0.5867643173981182, 0.2195481716710636, 0.39299940911031567, 1, 0
0.7298636263265285, 0.11470984300093984, 0.2963926837949983, 1, 0
0.5861086988745431, 0.2815249592822727, 0.31267947941828644, 1, 0
0.6646816375180891, 0.17375354640634277, 0.2184185960622077, 1, 0
0.8107885433090919, 0.24182719202987008, 0.11956133825483267, 1, 0
0.6021219261834749, 0.44467062528011403, 0.39459794498111445, 1, 0
0.8118752105197596, 0.35229977389433287, 0.22735315924935456, 1, 0
0.7250529550993526, 0.29593222323078694, 0.19074703568087814, 1, 0
0.5777708382573554, 0.1974083706827467, 0.40163107992531366, 1, 0
0.6866873972525019, 0.38353856782284057, 0.2700798976101512, 1, 0
0.599059240066359, 0.3593568726852871, 0.470620361880846, 1, 0
0.6312765909406609, 0.26875742712781014, 0.29293992266589924, 1, 0
0.6161779369994651, 0.2544144688466763, 0.2827136616871445, 1, 0
0.6127754609935789, 0.35050579684150807, 0.21745747333502025, 1, 0
0.5432081312614173, 0.35662026411199577, 0.4071137491662646, 2, 0
0.6021791469113563, 0.19480331393233286, 0.3048603284945138, 1, 0
0.5582693777694452, 0.25368299700490815, 0.5113633352165595, 1, 0
0.4738943069252288, 0.1982394833180201, 0.33440367567813967, 1, 0
0.7184452060142309, 0.32140532671662775, 0.36118231429168474, 2, 0
0.6020412304162606, 0.22641895244510968, 0.4502413413123818, 1, 0
0.5850271547465826, 0.24600332506468756, 0.32023938535105523, 1, 0
0.7192969752861279, 0.34311306969676625, 0.1856955387914735, 1, 0
0.6096709685539105, 0.23040962247101054, 0.3274252883947917, 1, 0
0.5914958770695795, 0.29232900881812823, 0.3400646018490373, 1, 0
0.691726373048807, 0.44773393032160136, 0.3504111397278449, 1, 0
0.6488201754829304, 0.13892482356080044, 0.3292095466405387, 1, 0
0.6119527362120409, 0.2640015469009759, 0.49531680115508936, 1, 0
0.7061419689269494, 0.38685455008680114, 0.3889292260982871, 1, 0
0.6754258224280124, 0.2680317135355369, 0.3434401016727372, 1, 0
0.6891242208062979, 0.3781004687490549, 0.21734056318119666, 1, 0
0.7360004131791307, 0.46109879962512557, 0.42438512429759073, 1, 0
0.509347117565447, 0.053141958062786265, 0.4118236848734968, 1, 0
0.6696829800056979, 0.426947874697035, 0.4442191115619062, 1, 0
0.6922451211923619, 0.3982643854210913, 0.37712810743502356, 1, 0
0.7192258383723252, 0.26737468311170287, 0.13261464935605966, 1, 0
0.6539487576804833, 0.287787627179648, 0.2444120648400464, 1, 0
0.5709820790218996, 0.29084432576368574, 0.1812460192680042, 1, 0
0.6607863007996744, 0.24612867394803126, 0.1321514039453034, 1, 0
0.7694771813519842, 0.4028042411430406, 0.14190637476681434, 1, 0
0.5828586272438093, 0.2671393965126244, 0.22965448843055747, 1, 0
0.6745554331351562, 0.23378644344068844, 0.37564508852631395, 1, 0
0.878895326828609, 0.6201505915947916, 0.20138495954975055, 1, 0
0.7436366026083032, 0.2361295964638333, 0.27166894584829204, 1, 0
0.5980730866786422, 0.026416050739621777, 0.39025910398223884, 1, 0
0.655815940357964, 0.3559620730523074, 0.5168643177404553, 1, 0
0.6642638730736751, 0.400706234260363, 0.3880352972961625, 1, 0
0.6770507385156431, 0.520865571991568, 0.4096840089751349, 1, 0
0.49821692878411955, 0.26593204165673306, 0.41420231242850064, 1, 0
0.6903084938581308, 0.3231055757372344, 0.17145031668798194, 1, 0
0.6479506204893118, 0.4240790838962736, 0.20621928927272548, 1, 0
0.4474791983814379, 0.15856706045024693, 0.4503290121400334, 1, 0
0.6045113740309548, 0.32341175232762864, 0.5298997000276199, 1, 0
0.7586067879099709, 0.42178161255688945, 0.3214525485891827, 1, 0
0.6219784873329947, 0.39402540562638005, 0.2659454151441761, 1, 0
0.6569017760434941, 0.32994670407008486, 0.34315735719545165, 1, 0
0.8586324699436737, 0.5582267404980938, 0.18380931683545382, 1, 0
0.666116304008319, 0.2403849605670988, 0.330107434964353, 1, 0
0.6664882590980354, 0.403947848470593, 0.24141847963046414, 1, 0
0.5957512134153056, 0.1586326905247918, 0.3272512226124317, 2, 0
0.7387661681633078, 0.4424311274172725, 0.32608924197679484, 1, 0
0.5888814736446131, 0.19019416917416476, 0.3886223895598354, 1, 0
0.5551081739403158, 0.211940413632169, 0.40262274705693707, 2, 0
0.7681958813807628, 0.46845770940397324, 0.37337650613671386, 1, 0
0.729978532208315, 0.5013440352322324, 0.17122894909963837, 1, 0
0.6990421921017571, 0.26810580427553543, 0.3231769415213742, 1, 0
0.651134417316271, 0.21935045643542334, 0.3509333526328361, 1, 0
0.7928686087075099, 0.2884489241172505, 0.26493706494513947, 1, 0
0.5331197503914086, 0.1635863061767036, 0.3220271146787749, 1, 0
0.7059657928133326, 0.3694230109946659, 0.27283736521095847, 1, 0
0.4627034792973672, 0.28241253013540457, 0.5348805799747809, 1, 0
0.7976122040234919, 0.5293484623625482, 0.2007913742521209, 1, 0
0.6981077893274595, 0.270033097341236, 0.29753308712374626, 2, 0
0.5302299221290497, 0.25047005698463054, 0.3251830301003258, 1, 0
0.6323210547165765, 0.46150540916331645, 0.3882503326779319, 1, 0
0.6371765294114581, 0.4084880566504071, 0.2971538499606583, 1, 0
0.8114308695317817, 0.38583578067136515, 0.22681686943712798, 1, 0
0.6681982743544893, 0.3417550691865562, 0.3075960147426787, 1, 0
0.6817867342660748, 0.25437465613665233, 0.31945384655155373, 1, 0
0.6723483641494105, 0.2956633202663512, 0.27790730006120856, 1, 0
0.7240436383772555, 0.36185455961174284, 0.3212873068748714, 1, 0
0.6890567146858266, 0.4067568849988157, 0.3090234781784865, 1, 0
0.5528414767260474, 0.23740827886832683, 0.34447382557314166, 1, 0
0.6532611570691996, 0.28678976322809213, 0.1590347412749593, 1, 0
0.6836208054904984, 0.3046091672351225, 0.15610004230629004, 1, 0
0.8893602344311444, 0.41743964681508117, 0.17005598068332484, 1, 0
0.6766503282085812, 0.5353365161748104, 0.33859266655930836, 1, 0
0.723932997296833, 0.21711909926501222, 0.4022663464140794, 1, 0
0.6989987943705198, 0.2317193137817553, 0.18889972889860945, 1, 0
0.6706332384460261, 0.1726929290583463, 0.3437215142848689, 2, 0
0.6060383974062062, 0.13928676370706794, 0.2883174304121797, 1, 0
0.5890858683263258, 0.09588093493454986, 0.39376096682993295, 1, 0
0.640062404187755, 0.2376998525274175, 0.2197932405357178, 1, 0
0.49624257778971165, 0.20363005489324387, 0.36469506584155403, 1, 0
0.6878789479732499, 0.3288234726642687, 0.1883149169494298, 1, 0
0.6916371237637846, 0.3419213507183064, 0.2575019204182005, 1, 0
0.6389220270222333, 0.36771089501162224, 0.47526517394099915, 1, 0
0.5575148074224797, 0.14916311486096595, 0.33439673399401143, 1, 0
0.7936061753962558, 0.3332080173618598, 0.2741951164732143, 1, 0
0.5543530358608048, 0.25294694583353877, 0.4141900220145659, 1, 0
0.5812885347406956, 0.3312104166420369, 0.5424040864433383, 1, 0
0.5664732647780926, 0.22695837667370766, 0.35513597763211335, 1, 0
0.5822688280676229, 0.17179759092056518, 0.4038018557865636, 1, 0
0.5989243965601025, 0.24468727093911147, 0.28839751317631135, 1, 0
0.7116096586505856, 0.43358923896790785, 0.3362229467560297, 1, 0
0.5222356904593952, 0.22384777482903784, 0.2851313576985286, 1, 0
0.7430836319045079, 0.3598564171957387, 0.17588986460939193, 1, 0
0.7398481603797158, 0.39415619825691395, 0.16217816545387942, 1, 0
0.672364628174575, 0.39876339592033977, 0.32080772966484516, 1, 0
0.7528438576654484, 0.3465594316850258, 0.16877076895466386, 1, 0
0.6899900596100341, 0.37587002328957475, 0.4380400309366121, 1, 0
0.7707947177234141, 0.41306567929568544, 0.2132531079454716, 2, 0
0.7814309885652044, 0.33819131484469667, 0.14953230924769778, 1, 0
0.8853197325143154, 0.49758719388495526, 0.1520530766708424, 1, 0
0.598524315806002, 0.3317406125795525, 0.40718231531258453, 1, 0
0.5128878451692038, 0.43060325684797063, 0.49284828078522097, 1, 0
0.7051408054464703, 0.5136807385282808, 0.26438733572782047, 1, 0
0.6616948463517629, 0.3050043811832179, 0.379468683865652, 1, 0
0.6929515219554973, 0.2903106556157784, 0.24567343962171645, 1, 0
0.5473922884418501, 0.19650076791662757, 0.33507266070442343, 1, 0
0.5974059045289216, 0.4048445331983248, 0.39947116046687037, 1, 0
0.682171299325649, 0.323527920388622, 0.24685621607918795, 1, 0
0.75915252523492, 0.4634145812552647, 0.4018653032779037, 1, 0
0.7668838799611812, 0.41242368827195186, 0.24673633981285076, 1, 0
0.7260958035051033, 0.29477795800861445, 0.24272207493671416, 1, 0
0.7477235833482065, 0.4737098002040255, 0.3256562423748792, 1, 0
0.6978200582311143, 0.39896871892958397, 0.4574076762985958, 1, 0
0.8039032011134148, 0.37736577653525666, 0.2525834414304669, 1, 0
0.6914694241858129, 0.3273883945636318, 0.26393172505252976, 1, 0
0.7173623115557723, 0.4606301758997671, 0.2150130580245227, 1, 0
0.5491716156487242, 0.3078866821968492, 0.4172261205572869, 1, 0
0.6656100981473454, 0.2220366322449413, 0.3416989508366904, 1, 0
0.7383157384512467, 0.31390819654685775, 0.38843379592780014, 1, 0
0.7454145865299021, 0.5409409837202732, 0.20941606914691552, 1, 0
0.7837580552175238, 0.489386801338582, 0.4091705423344453, 1, 0
0.7236720200031102, 0.23636101302142015, 0.23037362232608233, 1, 0
0.6309333756712483, 0.3118466318851742, 0.22409522645998042, 1, 0
0.7676643015361455, 0.5739618749943773, 0.27276149817726264, 1, 0
0.814451183562028, 0.49862499084869444, 0.34737681577185253, 1, 0
0.624030467316198, 0.2595627586283618, 0.45342713529030504, 1, 0
0.6857401907235997, 0.32958737309038444, 0.38618046022572694, 1, 0
0.5114634694187675, 0.2940207568700968, 0.45912569675661363, 1, 0
0.4691467168177408, 0.2639363807220437, 0.37685681032459584, 1, 0
0.8188669888956035, 0.4493515403217538, 0.12725718773558214, 1, 0
0.6079513659977376, 0.23294797438439746, 0.42299176436129055, 1, 0
0.8067446051063998, 0.43452851651898483, 0.215415850966647, 1, 0
0.6113784490534534, 0.3483615004124039, 0.544138202547213, 1, 0
0.6039538040953044, 0.3564864791688519, 0.45787208589988226, 1, 0
0.6658026838373947, 0.3678725724043149, 0.3836342714460609, 2, 0
0.744329010747703, 0.4777337001875376, 0.29536852379150746, 1, 0
0.6639636634021954, 0.44332770443475056, 0.16322206800273392, 1, 0
0.5874876478344572, 0.2390875538766074, 0.29854962353796666, 1, 0
0.5783317986655239, 0.3586851365147006, 0.40316045979454723, 1, 0
0.5791321728510871, 0.28866885633850636, 0.42607701263009956, 1, 0
0.5369906094205744, 0.08806521860444277, 0.25493490260151735, 1, 0
0.6112029009880955, 0.3846167189876869, 0.3980107233393235, 1, 0
0.8306544346758806, 0.3522246895331345, 0.15565651192650404, 1, 0
0.6109893137759823, 0.1972092243922683, 0.26456323306029705, 1, 0
0.6154756551177636, 0.1422686425669274, 0.3132869824701475, 1, 0
0.7140232859495443, 0.40513153284530024, 0.37862205779791913, 1, 0
0.7226239782177989, 0.37633709195513115, 0.23643180629219585, 1, 0
0.6361909844593594, 0.42755820372031506, 0.4049831109888072, 1, 0
0.6542382123076196, 0.40861307660023716, 0.2894765336576861, 1, 0
0.7516706102854116, 0.43069593269960305, 0.26408575583415017, 1, 0
0.6508607414993464, 0.40824441690190805, 0.3608773496899321, 1, 0
0.6414296249132432, 0.2406517830553691, 0.3256252055852004, 1, 0
0.7810415241982345, 0.34474549348373074, 0.250793293901893, 1, 0
0.7043207085866408, 0.24241942572814892, 0.24471318279050092, 2, 0
0.6121698933319797, 0.4073303935457249, 0.4463379651883795, 1, 0
0.5334559530379789, 0.15473733340114587, 0.4145471382420729, 1, 0
0.7340435376129477, 0.2469370906221538, 0.2895283406931036, 1, 0
0.8424088536326074, 0.42720704460719994, 0.17288381962933613, 1, 0
0.47931985877845634, 0.20798722207406783, 0.5658819386572299, 1, 0
0.682512315014052, 0.43453575493757296, 0.22720876617132524, 1, 0
0.5377871595057734, 0.4582647471082519, 0.3392853090491504, 1, 0
0.6848422399350236, 0.23917058978599826, 0.3856523205210321, 1, 0
0.6563421791708723, 0.3900634257481785, 0.26272050270411945, 1, 0
0.49186147920136936, 0.17350201783182656, 0.4388516724572984, 1, 0
0.5693198649329814, 0.29250142555509484, 0.2681085570769796, 1, 0
0.6953827316396262, 0.15856873738509725, 0.23080420377448257, 1, 0
0.6489428688309876, 0.31616657180318763, 0.21799505296254668, 1, 0
0.6304548390065704, 0.2918793110769815, 0.31640019790760043, 1, 0
0.7634534378514763, 0.4340675505053787, 0.38234343929556547, 1, 0
0.6309660456212101, 0.41078697871574776, 0.5017560360749282, 1, 0
0.8404338208909632, 0.4621286103977627, 0.2092536078995002, 1, 0
0.6998576238523068, 0.43620831380103886, 0.11252948267138047, 1, 0
0.5559512375227799, 0.3995976375377529, 0.36776872818429257, 1, 0
0.6243772834432075, 0.3653370651713225, 0.2712846317518607, 1, 0
0.7412189003915229, 0.36928875492906904, 0.28963926767824383, 1, 0
0.6451860210172429, 0.21952288823077998, 0.3006604580183325, 1, 0
0.714244734929198, 0.37824501181472, 0.16092637754776362, 1, 0
0.5219470966036447, 0.14219936716499032, 0.48593022237626493, 1, 0
0.6187263966391645, 0.2377303902141693, 0.45835866317252094, 1, 0
0.7027994907442683, 0.4554715330085484, 0.39110592833129926, 1, 0
0.7971732508527755, 0.47237420196127233, 0.309162630503206, 1, 0
0.5324189170545417, 0.13441388064360077, 0.4392014290170192, 1, 0
0.6921176952757663, 0.2542353191590516, 0.3630406700216081, 1, 0
0.6270511650491598, 0.5533980596364271, 0.39600203675213563, 1, 0
0.6951644315112179, 0.33371264650520144, 0.39801601897299954, 1, 0
0.47326739598294804, 0.39363557630623724, 0.3842932615053529, 1, 0
0.65435899771087, 0.41938152670057394, 0.3038706930876295, 1, 0
0.5592714238117287, 0.3732988171648026, 0.2714011608047829, 1, 0
0.5897336711427255, 0.2481117130400015, 0.33346852950151873, 1, 0
0.6348316593660117, 0.3618694963173804, 0.1476977680026264, 1, 0
0.6203191880350606, 0.293826949826623, 0.44308366423075585, 1, 0
0.7565385226976528, 0.3439560646278275, 0.3204653159048326, 1, 0
0.4918308917177011, 0.269060165276806, 0.44146582012581465, 1, 0
0.6312359372764824, 0.3675073116001305, 0.18123775886604476, 1, 0
0.516837567950959, 0.37163121396094806, 0.4764309051819685, 1, 0
0.7684409037378513, 0.3718082346243839, 0.22264285253873142, 2, 0
0.598205625772615, 0.3742468884250359, 0.4294180259630411, 1, 0
0.5003895977394318, 0.09380672113877614, 0.43380696776054306, 1, 0
0.6713786866179432, 0.38447087216972825, 0.4347955438180197, 1, 0
0.7234208181631199, 0.2862546597924661, 0.13280708366586252, 1, 0
0.5759705908339385, 0.17066261040866426, 0.42866335072899453, 1, 0
0.7483221762927528, 0.4587618129865107, 0.3683772158055538, 1, 0
0.7164246346672858, 0.31062459448206653, 0.2263543771055943, 1, 0
0.6070066194669566, 0.2484797143392663, 0.340060827279239, 1, 0
0.5831894343477139, 0.11361345539126477, 0.5006792548286866, 1, 0
0.5957376962815137, 0.2649370684548715, 0.46141623149157834, 1, 0
0.6921513650331965, 0.13375542886215497, 0.3700665489291587, 1, 0
0.5526867644374928, 0.46750992901100535, 0.4959379108191338, 1, 0
0.7767504691150702, 0.5273850232844198, 0.22873334874870316, 1, 0
0.7097246083007386, 0.4727243039636104, 0.19704513926080802, 1, 0
0.5992069415337237, 0.4324254919406185, 0.3710507352407817, 1, 0
0.7370783787555173, 0.3819174642418565, 0.1706300026264303, 1, 0
0.49437848431958487, 0.19219632285019528, 0.4943657324895941, 1, 0
0.7204883181809266, 0.4218795492562274, 0.25199467118505087, 1, 0
0.7446525356280083, 0.3176658945998006, 0.20386706795534698, 1, 0
0.7210862540213008, 0.269288638319028, 0.31689403944380146, 1, 0
0.8917691201538406, 0.5400458480817913, 0.10272556777735126, 1, 0
0.6282750333228921, 0.4006945109331201, 0.288533262126336, 1, 0
0.8187467468699153, 0.5808413204645074, 0.22008295134892547, 1, 0
0.6503807702005416, 0.3724427698869857, 0.46375549959656265, 1, 0
0.6505245004516444, 0.3048014843808078, 0.3617328103709928, 1, 0
0.4822923291590951, 0.29473624396640874, 0.3684501501119292, 1, 0
0.4374215331199714, 0.0697657329193837, 0.5007039506558935, 1, 0
0.676673990611335, 0.2724239528170714, 0.2757520958074312, 1, 0
0.7772466707240746, 0.46692899487992323, 0.26131867262912645, 1, 0
0.719490911244705, 0.36943327627175426, 0.13317191984557625, 1, 0
0.6166566831600104, 0.31055335246892735, 0.37003365922910375, 1, 0
0.6826164987166461, 0.2549250177040231, 0.21656030219814493, 1, 0
0.7390013535565957, 0.2952553637483613, 0.3447274910369692, 1, 0
0.7351091285079215, 0.21051460520169668, 0.5733321005788519, 1, 1
0.7302151262262407, 0.25986976309562665, 0.5567867633129501, 2, 1
0.7684416756230277, 0.24469915713645674, 0.5822213314675548, 3, 1
0.6526450329218727, 0.3328483658631654, 0.76411426132211, 3, 1
0.7070947133541848, 0.13433342545663712, 0.5984536916908296, 1, 1
0.6006240695675087, 0.47762032772768215, 0.8127710269126311, 2, 1
0.6355607447578568, 0.3700818385327045, 0.802916255764641, 3, 1
0.6931597949548391, 0.31832078836429856, 0.7108263272308262, 2, 1
0.5794788897383131, 0.4036118341036904, 0.8624389827370182, 1, 1
0.6904369390742553, 0.3408003305997501, 0.7469549046643609, 2, 1
0.6563152919891533, 0.2407040955500936, 0.6590481314570066, 4, 1
0.6769886892883662, 0.4104528806386925, 0.7421425447663943, 2, 1
0.5957270209575969, 0.40178599580235796, 0.8499085554729358, 2, 1
0.7049492402903448, 0.3422255308000109, 0.6959129508138215, 2, 1
0.5751220063012465, 0.11652086385895521, 0.6283114131403102, 1, 1
0.6101977363316285, 0.3897686204235541, 0.7662603718226587, 4, 1
0.6706193603718555, 0.37789932516210456, 0.7599422886920254, 5, 1
0.6723049408763896, 0.31027687940302096, 0.7288967192149357, 3, 1
0.7104986056780827, 0.3030072336669856, 0.6999307620915712, 2, 1
0.6110644632944727, 0.27998705853634903, 0.7243998875697656, 3, 1
0.5944224422317973, 0.16279506815222972, 0.7803594702444757, 1, 1
0.6423666634853233, 0.27671217060525777, 0.7995953741848092, 1, 1
0.5758833059400849, 0.384203463790427, 0.7547507571031633, 1, 1
0.7041567278067826, 0.2664503606413584, 0.6716543012255299, 3, 1
0.7659086411577537, 0.26373708454869, 0.5968456440972894, 2, 1
0.5585952221257899, 0.21709798190288637, 0.8366063501420838, 1, 1
0.6676093593940446, 0.36693309368953353, 0.7842951976299082, 2, 1
0.8394967380012587, 0.2750670655350785, 0.6531511605983025, 1, 1
0.7754436306374322, 0.3178181549970415, 0.6724541603124946, 2, 1
0.6825480686388589, 0.38999721557735617, 0.7408237695643225, 2, 1
0.5145103516790547, 0.301795536487903, 0.7983630499823736, 1, 1
0.7366978146934421, 0.4883461301992276, 0.8332715516767853, 1, 1
0.6654137220301956, 0.39835543310534144, 0.679697898723217, 1, 1
0.5839854338061287, 0.3425882604160722, 0.8240815154860993, 1, 1
0.627140213983067, 0.36722066356068495, 0.699335911268162, 2, 1
0.6466406400157709, 0.24560769907264432, 0.7009849102032494, 5, 1
0.6000385133286679, 0.1514543966163828, 0.723857782915952, 3, 1
0.6234766744020264, 0.2040348833056858, 0.7594442042530808, 1, 1
0.5410878714888008, 0.4102476257810761, 0.8024718965783346, 1, 1
0.7680433584259753, 0.21276200007008111, 0.5428118078828407, 1, 1
0.8396148464989821, 0.4223449210018818, 0.5920412527761385, 1, 1
0.6540943723262121, 0.4196684960666861, 0.7549088750218333, 2, 1
0.5717616724928254, 0.21752441307513898, 0.8254528973608055, 1, 1
0.650945107955902, 0.3108827662258285, 0.736584903252931, 3, 1
0.6610226980794145, 0.32471616113800655, 0.6849071388105824, 1, 1
0.48858798348854077, 0.33447119532370073, 0.9039590587122724, 1, 1
0.569296950556606, 0.2857961591655555, 0.7448348415457764, 2, 1
0.6885988812351486, 0.15211237277046302, 0.6197939973318805, 2, 1
0.6215115945041685, 0.33924652750461776, 0.7240945467556835, 3, 1
0.7329256979307581, 0.3220494127716291, 0.6732970565948048, 3, 1
0.7520603737987323, 0.3420294951534646, 0.7194468596253166, 2, 1
0.7583464090167181, 0.5604867472937144, 0.6611747726964259, 1, 1
0.7120323943498811, 0.24610153285232197, 0.6469327798822833, 2, 1
0.6425083896118499, 0.3334867924842604, 0.7448561577611092, 5, 1
0.6884269555696546, 0.44007494050450385, 0.8059178348506855, 1, 1
0.6902329606734688, 0.2165706462088449, 0.5654205638540722, 2, 1
0.7587324068738764, 0.36157307778529085, 0.6269902570154763, 2, 1
0.7485905772202242, 0.20342725710337162, 0.6336326687675228, 2, 1
0.531185956311554, 0.2932014030609035, 0.900461151838076, 2, 1
0.5301447536309767, 0.22926906645938988, 0.7896108690709746, 2, 1
0.6855163939471248, 0.3866096102160361, 0.7105661880533003, 5, 1
0.679947689174739, 0.07130408987566628, 0.5435014088301775, 1, 1
0.5768910739444674, 0.27255313604356235, 0.6503799891541817, 1, 1
0.6290126821060207, 0.33726684152775477, 0.7384386366083125, 2, 1
0.7192393697965761, 0.24609219017381534, 0.7084265887244295, 1, 1
0.6441925396463482, 0.2935803610239112, 0.720789636516645, 3, 1
0.6819521455991697, 0.15849363292937296, 0.7024452850976628, 1, 1
0.726685124146083, 0.49268549746415524, 0.7281272168591846, 1, 1
0.6022226357070223, 0.26496654152007526, 0.6581001958269141, 1, 1
0.7485947468739887, 0.40616534107339564, 0.7084974517459675, 1, 1
0.7127828118226287, 0.43003414613142277, 0.68205416418785, 2, 1
0.5836514136409503, 0.3230300179700982, 0.7872088590865916, 4, 1
0.6270718453127214, 0.30027570481963817, 0.7381764757393787, 2, 1
0.4940800737590055, 0.1753764500665732, 0.7436232410873087, 1, 1
0.6092216170471101, 0.3252108620369459, 0.8049801946841997, 2, 1
0.688260464394259, 0.3583411315075642, 0.6526418416887684, 3, 1
0.725564442903086, 0.44451822011537967, 0.7147736594589211, 4, 1
0.43466309479091747, 0.3115621890064482, 0.9049157411452939, 2, 1
0.6235660722672586, 0.37531375140079487, 0.8189173374627622, 2, 1
0.7504508417195233, 0.30729763469307225, 0.5795103611283616, 1, 1
0.6749993965090177, 0.4704209855790831, 0.8094452807968566, 3, 1
0.665889014038389, 0.24169866723919917, 0.754464256265497, 2, 1
0.7439888652863067, 0.2631434286016459, 0.5690873339939246, 2, 1
0.6857541595622828, 0.3639008815638204, 0.8111476280982259, 1, 1
0.6739039111022083, 0.4033572970751606, 0.7637390512615212, 1, 1
0.6034089143661893, 0.21465546922904818, 0.7075497717550759, 2, 1
0.6653190636196, 0.28920091384843427, 0.6921142563783177, 3, 1
0.5826330750503501, 0.24925710645478444, 0.7501425552673049, 3, 1
0.625827189008056, 0.3608715289164973, 0.8421943933018836, 1, 1
0.6544272449354834, 0.2260817260421998, 0.6523121045964426, 2, 1
0.5568985095929071, 0.3665054018005096, 0.8929446625170958, 1, 1
0.5847939264571951, 0.3054781499625655, 0.7034023934197696, 2, 1
0.5812382584893245, 0.5026345653506461, 0.8403223641162372, 1, 1
0.6812442513473829, 0.28149061351165316, 0.7178948355948637, 3, 1
0.5053855911275877, 0.48491130566647095, 0.9528720921164815, 1, 1
0.5345443213642515, 0.16647876106085835, 0.8361237197344527, 1, 1
0.5647075269494405, 0.25432088397739994, 0.694463608626432, 1, 1
0.6183179289220049, 0.43556136530778133, 0.7753581335630312, 2, 1
0.8025264883034824, 0.3425040750564718, 0.6051794679478094, 1, 1
0.760162541564745, 0.3656182899202203, 0.7554612989074101, 1, 1
0.5991297355674663, 0.43616815424116206, 0.8638791216059036, 1, 1
0.6693751726074588, 0.28577798979305524, 0.7640656904063134, 4, 1
0.6501954201412189, 0.4325513736308535, 0.7991134972178823, 3, 1
0.6149764054079676, 0.3121804531216313, 0.7740104806497307, 3, 1
0.5218737944292509, 0.21348647860216266, 0.7872120479269872, 2, 1
0.7618664699700815, 0.4197669154925249, 0.7591942593291074, 1, 1
0.587871343625738, 0.3835317526497663, 0.7772438284909001, 5, 1
0.7377336392360365, 0.3493515663425474, 0.6185868168382934, 2, 1
0.5955266426557289, 0.21732092738185155, 0.7231746893375646, 2, 1
0.5386189833358076, 0.28641051752439817, 0.8564083658160475, 1, 1
0.6891392474022234, 0.21262394114318334, 0.661715277347742, 5, 1
0.6588816713939375, 0.42204781641981504, 0.7318925798792099, 2, 1
0.6463707607220058, 0.3487705939004128, 0.7921974494175155, 2, 1
0.5469498917940653, 0.2443727418062265, 0.8279809517969126, 1, 1
0.5795836745558007, 0.36726931545412533, 0.7445218520817186, 2, 1
0.6494225168476461, 0.3394191550100705, 0.7275008768579363, 1, 1
0.665242551841653, 0.4971512286474715, 0.7717191590829967, 1, 1
0.6809150477159758, 0.4304602718766439, 0.7140187657664101, 1, 1
0.5518892497017345, 0.24943457049465675, 0.7867947938192903, 4, 1
0.6605255940130985, 0.1824024329795711, 0.6043973176272118, 1, 1
0.4766647663450962, 0.32855505809727253, 0.8670004147664461, 1, 1
0.6740857459820154, 0.3671237089842741, 0.819895948216068, 2, 1
0.7613578393658589, 0.3621847401209881, 0.6406459283063514, 3, 1
0.6682757343100608, 0.2867048933798318, 0.6245083323286467, 2, 1
0.8016956835252285, 0.29269833234966874, 0.6115078699687746, 1, 1
0.5739220289873946, 0.17572821834447627, 0.69081610487681, 1, 1
0.5391747715564998, 0.12737351062133312, 0.8369908291345085, 1, 1
0.6998654391363417, 0.41008575689984395, 0.7578733994730518, 3, 1
0.7062119960702897, 0.2828005261251096, 0.6124214356992134, 4, 1
0.8924717369172699, 0.30730135020561977, 0.6035442100286796, 1, 1
0.6125373224121693, 0.2791888978422769, 0.687791332358787, 2, 1
0.6824012784618869, 0.5231348753842757, 0.7930247527260497, 1, 1
0.6584710892380955, 0.2808041869297776, 0.7371818229105711, 3, 1
0.6363633624478379, 0.37862298373192466, 0.7664749709173652, 3, 1
0.6768836646749468, 0.5035928926308206, 0.8646268557552752, 1, 1
0.5663276179325583, 0.19797846196295038, 0.6091740185047899, 1, 1
0.6586428848684405, 0.3395137265168634, 0.7032002520691067, 4, 1
0.6274052036005431, 0.1541698817983973, 0.6587456267901289, 1, 1
0.7144474540498957, 0.1914314394172439, 0.5711856515360391, 1, 1
0.7103515591232061, 0.2867059952487592, 0.6583633433983144, 2, 1
0.6793002763158427, 0.3204350007511246, 0.6334249514026666, 1, 1
0.6277465257269418, 0.19582224811872798, 0.7284732080699048, 2, 1
0.6412698922339302, 0.2624999078652086, 0.7671520787782922, 1, 1
0.5937885667730494, 0.25609768995974586, 0.7314190587212901, 2, 1
0.6214895138192501, 0.1314117388529206, 0.7086821559865647, 2, 1
0.7577200764059693, 0.3050937132768623, 0.6018524244288967, 1, 1
0.5635422816402238, 0.22429678699636935, 0.7133582824208247, 1, 1
0.7221853623059249, 0.3503551831273836, 0.6733104530575078, 2, 1
0.6756607679718992, 0.49286182363369574, 0.6519990209375953, 1, 1
0.6291291078443488, 0.1350110218160483, 0.6410553718760067, 3, 1
0.5612409962011825, 0.20552002953327747, 0.7313962526193768, 2, 1
0.834939886702591, 0.3232258310309418, 0.6012270422851742, 1, 1
0.5189473451607701, 0.2713022364918488, 0.7326533698792272, 1, 1
0.6932172841038893, 0.45855039756149835, 0.7102316522886397, 2, 1
0.608337772491125, 0.1069301924389659, 0.640955245743264, 1, 1
0.6236294830171382, 0.5299747586734792, 0.8237791715863103, 3, 1
0.7256433436904197, 0.3931399484589294, 0.6681762933981119, 5, 1
0.8372488613399095, 0.30528983344908667, 0.582278876997005, 1, 1
0.726293032666822, 0.3152047616430317, 0.6951816158048635, 2, 1
0.635494763288044, 0.25616349885043904, 0.6578307997371933, 4, 1
0.5996098641693062, 0.27811373572806486, 0.6497609696154207, 1, 1
0.6638367764882656, 0.4557869664694028, 0.7878262338711595, 2, 1
0.5562805924325868, 0.22128360524915203, 0.6919349313067388, 1, 1
0.638969281217888, 0.14832445380769282, 0.6994722760796662, 1, 1
0.8435857442833994, 0.3853300700126755, 0.5982101888373421, 1, 1
0.7539690609040589, 0.34350822299396827, 0.6513617727245944, 3, 1
0.6726993163645749, 0.3072820001873241, 0.6771019042144379, 4, 1
0.5684507820522747, 0.38972405131216414, 0.8512504336305529, 1, 1
0.5919444453802187, 0.1836973670925563, 0.7635698869644886, 1, 1
0.6900262179829767, 0.4303526435463302, 0.7337460830686326, 2, 1
0.5315422595746422, 0.36219832859565915, 0.8450829190965201, 1, 1
0.7341275505688714, 0.3002883994359023, 0.596498366185467, 2, 1
0.5562704710444147, 0.2788086063443249, 0.8879114608094412, 1, 1
0.6724343066339787, 0.18262511904429723, 0.641196233564358, 2, 1
0.5793467904089307, 0.3048939656152259, 0.7664602766858124, 2, 1
0.5325449792851642, 0.3184169710275055, 0.8074160297663493, 5, 1
0.6378029823570613, 0.4319165553780659, 0.7837878240399909, 1, 1
0.8302706177168773, 0.4043490990328737, 0.6768106323382869, 1, 1
0.509151772920065, 0.31307594769848984, 0.9395498838479104, 2, 1
0.7375981524532536, 0.390930567827123, 0.6310410572360688, 1, 1
0.6810652792405198, 0.23772863848792058, 0.6603113629979295, 3, 1
0.5910760442165863, 0.4136275579113778, 0.8215222315520653, 2, 1
0.6136135446424513, 0.19652926676686672, 0.670143013061522, 1, 1
0.636648133434504, 0.5015662747717075, 0.8105305391083762, 2, 1
0.7055676020851962, 0.39831411528322086, 0.8594164681870333, 1, 1
0.6695133188815989, 0.2591124846154248, 0.6913108141732587, 1, 1
0.6916187665394009, 0.49564638144531614, 0.7764100199349185, 2, 1
0.5452202741301283, 0.3664308801277225, 0.8098598463634108, 1, 1
0.9316554592526896, 0.3389181957974546, 0.48718852678665214, 1, 1
0.7011540523977358, 0.4063489628897245, 0.7727259824444034, 1, 1
0.7305581806216623, 0.5610276266162917, 0.7485667536675618, 1, 1
0.6884981927797461, 0.33228609360013023, 0.7209356218499606, 4, 1
0.6842918161270493, 0.2842407407418661, 0.6994241701106404, 4, 1
0.6544123255462457, 0.32492712214125774, 0.7475780073267503, 4, 1
0.680913491246791, 0.36288168024407474, 0.6676753287919055, 2, 1
0.6686791428368725, 0.14845041493630073, 0.6811077879577104, 2, 1
0.7278781879627851, 0.3404117213247524, 0.6988176676122906, 1, 1
0.646822394881077, 0.38984624259010403, 0.7114934286710474, 3, 1
0.7846379708796501, 0.30555323721781547, 0.5104687459676391, 1, 1
0.6967996577392007, 0.4241692547055083, 0.6972797529195902, 3, 1
0.7259396845336665, 0.45885358793931713, 0.6574992058864451, 2, 1
0.6988279581854044, 0.23401098321530073, 0.5402782563518812, 1, 1
0.5141134448936341, 0.30986341174089654, 0.8373737852739781, 2, 1
0.7158348333360764, 0.27124835865958735, 0.7144287729507564, 4, 1
0.731321303973006, 0.26624011716118545, 0.6055796793434747, 2, 1
0.7660460003906636, 0.44696914428682816, 0.7774399196096928, 1, 1
0.6470431171702732, 0.274072508889955, 0.7430799881098828, 1, 1
0.5986109767836071, 0.4876575015579187, 0.8699520233082452, 3, 1
0.7103800737512116, 0.39441136158167517, 0.7084781829416399, 1, 1
0.65071094507174, 0.29844686113200247, 0.6901849120250501, 3, 1
0.5095071387731742, 0.18753491427480848, 0.7629223607414075, 2, 1
0.681520585168414, 0.19103817104927068, 0.7067441075784666, 1, 1
0.5492104577322405, 0.3185469671626069, 0.7174739395953509, 1, 1
0.6247259671872978, 0.2578185394128002, 0.7601163663471037, 1, 1
0.7019715595923524, 0.29690131665313624, 0.6029982961480165, 1, 1
0.7776286596645017, 0.16803525449041257, 0.535815856957548, 1, 1
0.616371290818478, 0.37452022889075626, 0.7729840030333353, 3, 1
0.5251367626406449, 0.4213028172912832, 0.7809082698967635, 1, 1
0.6686347233799678, 0.2482595335904457, 0.5883630683974164, 2, 1
0.6533202397853846, 0.438584220499046, 0.7199957491881105, 3, 1
0.5364439440268564, 0.1773149428358861, 0.6949362439894557, 1, 1
0.6552829916636406, 0.3095594641739069, 0.6710564386923645, 4, 1
0.677567946087231, 0.057193519298705725, 0.6828471886015268, 2, 1
0.7150215622722056, 0.26165428767558024, 0.6088279660656819, 3, 1
0.7868365845975802, 0.30846565195099157, 0.5755133777570175, 1, 1
0.6870712068735512, 0.3442838024108638, 0.6225663334345493, 1, 1
0.6508652063894733, 0.39830843695579515, 0.6993573548193059, 2, 1
0.5157717491166116, 0.1909735576435876, 0.7380791782218014, 1, 1
0.6049399152546163, 0.2808744373780856, 0.7422379500468639, 2, 1
0.47703192612338524, 0.36457023738015026, 0.8267908937199082, 1, 1
0.635453014937682, 0.2797053962996347, 0.7377900287405549, 1, 1
0.7819087510586504, 0.25064061687740585, 0.5468077527651865, 1, 1
0.6765590856916821, 0.4056005719874483, 0.7255660257037296, 2, 1
0.7380375307655966, 0.4347395009295587, 0.7676910175206048, 2, 1
0.5917799000690784, 0.335429390569854, 0.8397175671220067, 1, 1
0.7746026073709857, 0.45035256901967147, 0.7023903382489032, 2, 1
0.616266877974204, 0.3518645095136761, 0.7892790867933562, 2, 1
0.7432288290473159, 0.37582331818245296, 0.6779501882504486, 3, 1
0.6407098411266994, 0.28071379450158784, 0.6960919900100663, 5, 1
0.6343349296652269, 0.3132018060418321, 0.7342161025456982, 3, 1
0.7262431530228088, 0.558570519520369, 0.8375780205533664, 1, 1
0.5839761678616147, 0.05301879069091375, 0.6549420049577611, 1, 1
0.6092889564334389, 0.6023020191560854, 0.8848181206129866, 1, 1
0.5678762760215935, 0.2454801712810569, 0.6760429728578772, 1, 1
0.5898651292774384, 0.27130399751367185, 0.7108873942186528, 1, 1
0.5726845501236001, 0.29666480408281315, 0.7828236083083979, 1, 1
0.6583091140242094, 0.36214507108374355, 0.7939388747966647, 1, 1
0.7879251171022165, 0.34299784415509543, 0.6680657509506398, 2, 1
0.5969354446756014, 0.2958344304089934, 0.7093374103642769, 3, 1
0.5202251265725873, 0.2691465206543492, 0.9496962896740555, 1, 1
0.6194225455032318, 0.3322179055000975, 0.7879401437683731, 6, 1
0.6542846138846775, 0.10224375704393107, 0.5881995660144864, 1, 1
0.6536730194056368, 0.17660597617832643, 0.6199322298071718, 2, 1
0.5257563817341704, 0.1297301358637405, 0.6608842948292012, 1, 1
0.6602994284895184, 0.28238802648271116, 0.6554212337477898, 3, 1
0.5376234917167153, 0.4378127417732476, 1.0, 1, 1
0.6844968831769382, 0.30044170805910364, 0.6922030274358341, 4, 1
0.6891920691373472, 0.5300659814369448, 0.7454954548178169, 2, 1
0.6582790309055861, 0.5032170570995755, 0.7920173879653525, 1, 1
0.6943940415294363, 0.40119618330494655, 0.739251680699502, 2, 1
0.539367353471887, 0.34677614584914584, 0.854909354691493, 1, 1
0.7007185125328598, 0.2783800932832195, 0.7369333100873282, 2, 1
0.5614543802583034, 0.26521250277088976, 0.8420774906958954, 1, 1
0.7244023806586584, 0.31455686954262496, 0.6156966372738272, 3, 1
0.6132913485545006, 0.04566300001055357, 0.6556637325617359, 1, 1
0.6790165484296938, 0.351700506696292, 0.7007889352711087, 4, 1
0.7086794954383433, 0.2457221268876665, 0.560039962999721, 1, 1
0.7846023413947114, 0.37107413747657536, 0.5885342053064185, 1, 1
0.5829882148146812, 0.44195620876935976, 0.7829710308537928, 2, 1
0.638862702949412, 0.36711284082524065, 0.7858257871887475, 3, 1
0.6981483965624178, 0.39975497240090346, 0.7033151274015867, 3, 1
0.6071679770060318, 0.3017062222786053, 0.7605936052033657, 4, 1
0.5125860490014854, 0.4276609098550497, 0.8024350287524373, 1, 1
0.6154800312106949, 0.3303032251960731, 0.7359247073692272, 4, 1
0.5955314576178404, 0.37965353619835474, 0.8633391735655412, 1, 1
0.5232437416354693, 0.3459888109243252, 0.8633549058367123, 2, 1
0.8095148043281228, 0.426047399738514, 0.6573758122116029, 1, 1
0.6704744883262792, 0.4180603458107149, 0.6757904300300457, 1, 1
0.709702896181292, 0.26914629278354174, 0.6413859780191238, 2, 1
0.5918606661176464, 0.37416863755921886, 0.7565236348310186, 2, 1
0.6742193681053315, 0.2620075461008159, 0.721165994867492, 2, 1
0.6061687897633734, 0.4405659321845543, 0.831309744290806, 2, 1
0.7997173834934079, 0.1319769555513482, 0.5115916856299055, 1, 1
0.5409732886890446, 0.31295789602594387, 0.7677602502451413, 1, 1
0.6497243040004324, 0.5754192949453494, 0.8143607286879462, 1, 1
0.7300724285205078, 0.19845534127196462, 0.6329583432362019, 1, 1
0.7320355012216151, 0.3769701457604216, 0.6256413179009829, 1, 1
0.6744008010327321, 0.347483083237661, 0.7378615054617783, 3, 1
0.7475818764796266, 0.4372754405077334, 0.7153713197291905, 1, 1
0.7423535736563663, 0.27890797786644295, 0.6219578215216663, 3, 1
0.6789471449104534, 0.3439764332895172, 0.7763328295461932, 2, 1
0.5540414649687364, 0.327583853995765, 0.7987869713825198, 2, 1
0.5916999221205402, 0.1945591017225914, 0.7381765210478421, 2, 1
0.6366857955743077, 0.30060739449811386, 0.7794332773724145, 3, 1
0.4960453873434897, 0.420979253486058, 0.8242648939292165, 1, 1
0.5983295197304488, 0.5202171034587557, 0.9278414278572271, 1, 1
0.7033548221753343, 0.33000584437872593, 0.7214492623903378, 3, 1
0.6574831419827043, 0.2165099063546122, 0.735077697541798, 2, 1
0.629743695205739, 0.2451612107884288, 0.7538395349097772, 1, 1
0.6176563200586392, 0.45354592500367513, 0.8001668327506537, 2, 1
0.5338628379522086, 0.33540571192016116, 0.8201110914078334, 1, 1
0.7498113839147105, 0.3715318791339495, 0.6493976498962849, 3, 1
0.703354110142433, 0.1985852042056263, 0.5498046652751597, 1, 1
0.7995065313521819, 0.3564212462938673, 0.6068661278277312, 2, 1
0.5451848841591432, 0.30574946654813395, 0.7504856901509108, 3, 1
0.7108839094935682, 0.34919781171696085, 0.7897811492858196, 1, 1
0.5553335926228378, 0.25915570464109683, 0.7575741213962659, 2, 1
0.6643209730704185, 0.22058288584684543, 0.6859402436883741, 3, 1
0.6244388909698314, 0.2613502950592321, 0.7899911604874864, 1, 1
0.6107827122880295, 0.23645116533238064, 0.6633379461274921, 1, 1
0.5756507052719445, 0.135849995807228, 0.7043483903456316, 1, 1
0.795835161080477, 0.3759374486045905, 0.6558998109680089, 2, 1
0.5814131263011887, 0.34308414069932797, 0.8053596761894859, 2, 1
0.7926286454656185, 0.32643066011079275, 0.5720375721233719, 1, 1
0.6181706972793831, 0.25492746301195207, 0.7183680106036249, 3, 1
0.5883906541554991, 0.3586939567439142, 0.8511552257902789, 3, 1
0.723229551554859, 0.4776541332330144, 0.7673221364693159, 1, 1
0.6388865444839076, 0.4879301419820999, 0.7945783912061576, 1, 1
0.736670221603112, 0.22615570848060484, 0.5840762808103863, 1, 1
0.685443418636569, 0.2844276572427894, 0.6336523948763405, 1, 1
0.6452949256346524, 0.3736019830186845, 0.7019830527257555, 2, 1
0.6333909100781193, 0.24035135391315826, 0.73964389111258, 2, 1
0.6003860431535855, 0.27507168786504765, 0.84945465297781, 1, 1
0.753978592968469, 0.39482451305843275, 0.5994803869854212, 1, 1
0.6911580236615665, 0.20922823115033387, 0.6787358967467375, 3, 1
0.6150752768421751, 0.34027834317585415, 0.811885015444429, 3, 1
0.9018204501497525, 0.428450046825749, 0.5258293599531002, 1, 1
0.6646347933389533, 0.39484493105995994, 0.694951813348025, 2, 1
0.5734239443267607, 0.0438737983081402, 0.6948790793992244, 1, 1
0.685867243802796, 0.3762087584320583, 0.6342188456926634, 2, 1
0.7201763269197778, 0.44904525374022874, 0.682945833384262, 1, 1
0.5869417966530336, 0.2130486744080217, 0.74264058413326, 3, 1
0.7021368807848065, 0.2698754342862225, 0.603590545151633, 1, 1
0.7027144920410726, 0.24926728380704738, 0.6571802116783434, 1, 1
0.6619197574820169, 0.35387434000447576, 0.7712988749804245, 3, 1
0.6046084848188024, 0.23871720278536435, 0.7740204994713265, 1, 1
0.5350840840131462, 0.2868395146678004, 0.7660553224550641, 3, 1
0.7084816012795733, 0.21811646663555537, 0.6635599755416963, 2, 1
0.5951387921618451, 0.3533806830367018, 0.6872827672837609, 1, 1
0.6730093786613346, 0.44625355985986587, 0.8223914987766326, 3, 1
0.6713897361868775, 0.32767597762376993, 0.6635053828665808, 3, 1
0.7069315385384992, 0.2575845573443898, 0.7091079142876515, 2, 1
0.6737230570529217, 0.2143438279145285, 0.6595897702056502, 3, 1
0.6382716402957742, 0.3352576462904527, 0.7585383728748146, 1, 1
0.4922908354884162, 0.49449260512707716, 0.8608857357080566, 1, 1
0.49981875411968235, 0.21892004686087957, 0.855624682363885, 1, 1
0.7335437069301363, 0.35772486696425054, 0.6580561663450892, 1, 1
0.6477604842849131, 0.3320798166480649, 0.7131586164024908, 5, 1
0.5704951519976885, 0.27478606521365173, 0.8640169560936467, 2, 1
0.44920488815817317, 0.1416411863570835, 0.8423331708324572, 1, 1
0.6397506419962816, 0.3489209789126628, 0.7612263857287618, 2, 1
0.5409861851407075, 0.262058996860003, 0.8761193280692159, 1, 1
0.6841637090485583, 0.1238919918614903, 0.6028371815200444, 1, 1
0.5727174459947431, 0.20750178429759564, 0.669379316609501, 1, 1
0.7199260660737954, 0.37970284230662654, 0.7644393266080166, 2, 1
0.5636753800787672, 0.44625614720063445, 0.7956128170931851, 1, 1
0.7325638295059423, 0.2329049826402501, 0.6186718945005197, 1, 1
0.7140814042951521, 0.4307034330644777, 0.7352046874025238, 2, 1
0.7605315204941185, 0.37554368549986605, 0.7183961206438169, 2, 1
0.6594289054510992, 0.46865623707345816, 0.7168445091535504, 2, 1
0.7072736243786298, 0.46289211319531515, 0.8265784407737936, 1, 1
0.6020746259510024, 0.405895308161992, 0.8254159227877227, 2, 1
0.746468661174337, 0.35233772102998984, 0.7283971660749924, 1, 1
0.7345877753765325, 0.39258885342522737, 0.5720709898184464, 1, 1
0.7247569552535512, 0.35978222297084933, 0.7012616478862685, 3, 1
0.6613565924052754, 0.2542062241076654, 0.6317592396747582, 3, 1
0.5767838312503065, 0.4071000122943884, 0.8000445327530277, 3, 1
0.6144103626658636, 0.19109088287160753, 0.7318470926139048, 3, 1
0.5794499628866868, 0.3689466280460878, 0.7955859622576742, 3, 1
0.6644018932093736, 0.31332024744486375, 0.7720843843795692, 5, 1
0.7472710626702392, 0.4149259377675545, 0.6596191208321807, 1, 1
0.6618265158033002, 0.2766072386101175, 0.6995793060328149, 3, 1
0.7139997688342161, 0.371961609073122, 0.6687619044910228, 1, 1
0.6950569244569518, 0.10367071997879573, 0.555125672503909, 1, 1
0.7706306198983285, 0.38270335008314255, 0.6221543368691463, 2, 1
0.650950250154886, 0.4346009057498721, 0.8179759049874983, 2, 1
0.59147973260383, 0.2618243632109893, 0.7469932837032984, 2, 1
0.52523446212683, 0.3357405917508144, 0.7856065576034625, 1, 1
0.6551441221983905, 0.386836888473408, 0.7738533752098194, 1, 1
0.6485335018433862, 0.5179221381527634, 0.8437542956676193, 1, 1
0.5885339162278678, 0.39151075093223026, 0.7453527347968137, 1, 1
0.5827443294914294, 0.28944905333464993, 0.8580975672691034, 1, 1
0.673506906564133, 0.16412260876991214, 0.6610558118213665, 2, 1
0.7476484136230852, 0.2485645280443124, 0.6202730291057101, 1, 1
0.5653239082121866, 0.33894495117696644, 0.8098765866626682, 2, 1
0.47991488999160464, 0.377037510159408, 0.8647080405831401, 1, 1
0.5038619539519815, 0.2523450115860237, 0.8441539072955104, 1, 1
0.6056833413610558, 0.20860270488251303, 0.7281262272756843, 2, 1
0.5000151905583333, 0.3245410900497033, 0.8079580239884689, 1, 1
0.5546243218427643, 0.5149841931215969, 0.8692738932352482, 1, 1
0.7053746059446362, 0.25760285295703755, 0.6330502649381742, 2, 1
0.5964983651611898, 0.45563176385579707, 0.8622880497116587, 1, 1
0.628728398065654, 0.3934670330153739, 0.738761149675735, 2, 1
0.688788857439809, 0.31524747189697944, 0.6862061527023022, 1, 1
0.6557201118576076, 0.3517998994468338, 0.7507241531108504, 4, 1
0.6693975705324295, 0.226250493045833, 0.588487247834498, 1, 1
0.5592007776653125, 0.2937155234363482, 0.7840917766665929, 2, 1
0.6012216185614213, 0.35766311356819414, 0.8269083174091678, 1, 1
0.6925707072636675, 0.17897437214293813, 0.6676775909063198, 1, 1
0.6752028570677313, 0.3333113567869124, 0.7026572206545902, 3, 1
0.6994986636516657, 0.3922892895554427, 0.7519345296388718, 2, 1
0.5877502473776557, 0.27615905225316945, 0.7470196891856619, 3, 1
0.7527134755884087, 0.38231260849149823, 0.6652618995193302, 1, 1
0.6810763463283134, 0.23429769909835413, 0.732466951098385, 1, 1
0.583524886206279, 0.17035774506574242, 0.7434513041562176, 1, 1
0.6383055458767359, 0.4150473445808782, 0.7241424604808372, 4, 1
0.4899108094735032, 0.28326881773516704, 0.806131980694291, 1, 1
0.8234948464049496, 0.3093634257739747, 0.6386260289166109, 1, 1
0.7360768543206115, 0.3171369041738707, 0.6589747019289514, 2, 1
0.6864617581917979, 0.35053453289374487, 0.6737671675141127, 3, 1
0.5728063335207482, 0.36958166034734763, 0.829752064202768, 1, 1
0.5313174894873497, 0.30596277186825327, 0.9278633670561822, 1, 1
0.5183564160976185, 0.25215529525657676, 0.775299885210353, 2, 1
0.5640150963842658, 0.3425227052284373, 0.8578578876811743, 1, 1
0.6620940978618772, 0.1732093189202178, 0.7258459890773296, 1, 1
0.8187158955583378, 0.29657808158782994, 0.6314323876325006, 1, 1
0.7274503777615529, 0.29669526615757813, 0.7164892200376125, 2, 1
0.9514727582334188, 0.3946982593041941, 0.46802361477853544, 1, 1
0.6354777335568742, 0.4824980938941847, 0.8863002970321888, 1, 1
0.7446596358766768, 0.28133034907304866, 0.5904582841116899, 1, 1
0.7142107400846752, 0.34641577280060865, 0.7441187082732269, 2, 1
0.7110282348292174, 0.3876389219199494, 0.6387201177734133, 1, 1
0.7459920841213485, 0.3803202689438251, 0.7311560347634659, 1, 1
0.6793896545905855, 0.23920258645695594, 0.7515853197449166, 1, 1
0.5977463707701067, 0.3417012791999763, 0.8069241886380661, 2, 1
0.5725465749384148, 0.41942714085653393, 0.8182004258640625, 1, 1
0.6363088322416453, 0.3060359081631371, 0.8134549455595086, 2, 1
0.40851430326994964, 0.28454982594037037, 0.8822584696611351, 1, 1
0.5628531375168946, 0.3254126955486983, 0.7706189886508948, 1, 1
0.8791445423798657, 0.30666858098303473, 0.47372592761593824, 1, 1
0.7056481857035137, 0.1863666583199557, 0.6169668218657508, 1, 1
0.6785882357345407, 0.20455003265673288, 0.6033960757819592, 1, 1
0.5829609519939167, 0.5198277897128039, 0.9102104869751573, 1, 1
0.6631404987084402, 0.32425254714770424, 0.727787665541196, 4, 1
0.5961365614375698, 0.2530072153917416, 0.7776694228458884, 2, 1
0.7578184902912991, 0.47192656425766627, 0.6897294972123491, 1, 1
0.6116027792583001, 0.5458301088531419, 0.8097833604778761, 1, 1
0.5759053870836308, 0.3341774511168167, 0.749831590531467, 3, 1
0.5454727840359161, 0.27806615876562407, 0.7064228749502363, 1, 1
0.5838687573876541, 0.23650514627557584, 0.7423715517933425, 2, 1
0.6517109811512936, 0.4226165188405384, 0.6702882826159626, 1, 1
0.5528953795164416, 0.3238735466839997, 0.8170548637655837, 4, 1
0.7799092893458672, 0.4047388281666572, 0.595361963781801, 1, 1
0.6722879419452724, 0.5038777746396126, 0.7359681805603707, 2, 1
0.7355764763667263, 0.37479464593526085, 0.7427203386608419, 2, 1
0.7695824128866287, 0.4768766278996474, 0.6139855383447995, 1, 1
0.630072047123112, 0.18846124820786841, 0.6948494047989995, 2, 1
0.635925774880315, 0.0734219780940022, 0.664359722496501, 1, 1
0.7061616371899361, 0.4745328876333383, 0.7120001233229225, 1, 1
0.6666488485774419, 0.35096279797863417, 0.7116398480571319, 3, 1
0.5537491395527712, 0.33723874653596475, 0.7679212853501869, 1, 1
0.7410949793147589, 0.2222028361466971, 0.6576269459570948, 1, 1
0.6982053201003602, 0.35288981514984374, 0.835418085447633, 1, 1
0.5918291649575672, 0.18123649567906597, 0.8003402428158948, 1, 1
0.6826408695994061, 0.31071087996934404, 0.7032607510763603, 2, 1
0.5015280284091661, 0.2720043930200099, 0.8411540916195553, 1, 1
0.558344377178151, 0.2525928034382013, 0.836307746853155, 1, 1
0.764019637095711, 0.3832030560218749, 0.6836577613886516, 2, 1
0.7708542362522516, 0.31547727113885415, 0.6204121992280572, 2, 1
0.6242420572192242, 0.21450094236084188, 0.5986212193862372, 1, 1
0.5718562920409128, 0.3377640029735058, 0.7891714737928004, 2, 1
0.585037501756371, 0.25611749235385534, 0.8154491756008754, 2, 1
0.6072017157513273, 0.3260673670539055, 0.7852970372318586, 2, 1
0.6499302891478449, 0.23860646986991774, 0.6278575038958698, 1, 1
0.6690697440184334, 0.31548047925689454, 0.7507571660414797, 3, 1
0.6523475364626159, 0.27268668367932325, 0.6868759724083848, 2, 1
0.8366116212632162, 0.29684778804142353, 0.5590028325553122, 1, 1
0.67629075082565, 0.3293492533370589, 0.7535029038627805, 1, 1
0.5214756575913382, 0.22469472963951448, 0.706399813628225, 1, 1
0.7372373429876595, 0.39802801343953564, 0.7140688572595402, 1, 1
0.7299407126389966, 0.3842116317290325, 0.6515215717577264, 2, 1
0.6703432609619513, 0.25795482263525926, 0.7426853202846182, 1, 1
0.7058176532574416, 0.48160610559370376, 0.7619522755685252, 1, 1
0.4598246567901614, 0.25272301878812314, 0.7781426676135215, 1, 1
0.6427935256508686, 0.19268075187225503, 0.6540552850326503, 2, 1
0.5502838427232322, 0.2297040370155401, 0.7273795538589353, 1, 1
0.6338046119993591, 0.28736295830658776, 0.6288135885432303, 1, 1
0.7106087309465569, 0.5407653933597673, 0.7127527405626259, 1, 1
0.6966611128379391, 0.38726775969609084, 0.6532933844028206, 1, 1
0.6460232434177426, 0.3458822570549564, 0.7773497624831042, 2, 1
0.6792445838102822, 0.3036450869833988, 0.752767690188047, 1, 1
0.4575903430941267, 0.3234316843655265, 0.9510413415867711, 1, 1
0.47892160989862004, 0.26599525139655844, 0.8003325471072812, 1, 1
0.792689385439161, 0.24603399323193864, 0.5132895828798588, 1, 1
0.6909250976222285, 0.2506441273979739, 0.6863538703344566, 5, 1
0.7374876684501014, 0.17958754316787895, 0.6167268640013647, 1, 1
0.6263091068174311, 0.18251039041582778, 0.5913197071918409, 1, 1
0.722027682847817, 0.3583452188566163, 0.7293321777880353, 1, 1
0.6148060401992848, 0.2572142065371407, 0.7766148927503925, 2, 1
0.6587049266223198, 0.3754641285421085, 0.6556448267777573, 1, 1
0.7281822485266567, 0.31346113915631246, 0.7184517455208131, 2, 1
0.7119137189128597, 0.35714251673346614, 0.6924176149340465, 2, 1
0.6650964555860214, 0.30536318824735825, 0.7894637483289079, 1, 1
0.7648396370197472, 0.36359945877444255, 0.6635765195071471, 2, 1
0.6348748452634032, 0.42220897798263435, 0.7448418877130984, 2, 1
0.5788673372004576, 0.3563099342326781, 0.8771198030622951, 1, 1
0.5430763123754319, 0.5281150032422007, 0.9379731996557965, 1, 1
0.628823695917238, 0.29509753713298326, 0.8040829560811246, 4, 1
0.6664144484425698, 0.38494330851576264, 0.7421471481620896, 3, 1
0.6439582519213574, 0.3805072693934101, 0.7336058594495413, 2, 1
0.5982830914559222, 0.08060923163697903, 0.5600899206193298, 1, 1
0.6270262835159008, 0.36470797849389885, 0.7625817641193715, 3, 1
0.6621340534733892, 0.33243026140054477, 0.7909814320126783, 3, 1
0.6454720660730642, 0.4845840362070133, 0.8115928516126617, 2, 1
0.7648133697065643, 0.4193355448948615, 0.6547225426865052, 1, 1
0.5342836251817136, 0.13833767432078176, 0.7636974489316194, 1, 1
0.5157643457700818, 0.10073014003211761, 0.783633135731745, 1, 1
0.6700602509684074, 0.420064990250653, 0.6496301578691736, 1, 1
0.4997729239668886, 0.20610996648155164, 0.7688915231518019, 2, 1
0.7347016533172945, 0.2424079081197924, 0.6829838344262188, 1, 1
0.6457509032848671, 0.3169999530543115, 0.7731871091202416, 3, 1
0.7389715596273628, 0.18530126977209505, 0.5685731767699137, 1, 1
0.5873442145330156, 0.1833952014681291, 0.695232859386237, 3, 1
0.6141201324056369, 0.20194965261069772, 0.7046664078259568, 3, 1
0.6579813046858083, 0.18430470438795066, 0.7413384087316172, 1, 1
0.6233136929960483, 0.40568680026504056, 0.8372140853257228, 1, 1
0.6265341973470572, 0.39686931220616745, 0.8096246274921208, 2, 1
0.5281456787432579, 0.406791960433957, 0.9069946023130183, 1, 1
0.8203657557835058, 0.3568164109484529, 0.6109193913887094, 1, 1
0.8127685331060566, 0.43286844284879106, 0.6180688566407073, 2, 1
0.5905480151344973, 0.20748619069136723, 0.711908225879762, 3, 1
0.646911524157834, 0.035501559634477375, 0.6434883748158494, 1, 1
0.7175201910916973, 0.4151523293941769, 0.6558960142432675, 1, 1
0.7202831754150286, 0.2707382389300318, 0.5210765863810113, 1, 1
0.5516536831839359, 0.27936544821791454, 0.8493211541251444, 1, 1
0.7920515926428098, 0.3605796492955954, 0.6768615606435644, 1, 1
0.7044663382478176, 0.3080551873898727, 0.6175494847743762, 1, 1
0.5983409022018382, 0.36365939373865, 0.7940285795508207, 1, 1
0.6124849760206768, 0.25286391745056436, 0.7969414111462318, 1, 1
0.5956073793380264, 0.2850833412284255, 0.8216818431652396, 3, 1
0.6545276491912617, 0.3992535123829949, 0.7565160863307032, 4, 1
0.6767174475518469, 0.26343119546670374, 0.7665070506468251, 1, 1
0.5124223960501944, 0.41242119924459547, 0.9027551511448045, 1, 1
0.7004220126393094, 0.2700848003537604, 0.7590820147644899, 1, 1
0.7518542102589734, 0.3669843950092213, 0.6863862548254137, 1, 1
0.7112364810433174, 0.5315117696093931, 0.8151318101041621, 1, 1
0.6900237622194465, 0.36071049065151756, 0.7106566400478309, 1, 1
0.6167601359362129, 0.30936454557692705, 0.8180904072168924, 1, 1
0.6497294579929567, 0.28589485966623696, 0.6718855782678911, 3, 1
0.6692596518156211, 0.24960875870954854, 0.6688692874115044, 6, 1
0.5836769352032223, 0.23986865722074957, 0.6888244123559869, 1, 1
0.729249748614414, 0.432693218679089, 0.6952178963154483, 2, 1
0.7264318655235933, 0.2012984429626138, 0.6540383124004839, 1, 1
0.5651795297280436, 0.24776884874148133, 0.7919321449174461, 2, 1
0.6827705912107178, 0.4841679464405962, 0.8433083411641407, 1, 1
0.7539062080816085, 0.4160616439558922, 0.6801044348966419, 2, 1
0.5309065338343603, 0.1524580036741326, 0.7130937785461529, 2, 1
0.5408425950772795, 0.3397207450909232, 0.7873141372038643, 1, 1
0.5822640641511145, 0.2554134855709107, 0.8608320728393338, 1, 1
0.7068673905313584, 0.3650068186500428, 0.6210638094601537, 1, 1
0.6476311539965202, 0.38103121996892464, 0.8084987549735903, 2, 1
0.7247450955260416, 0.2810461499093886, 0.6773625532304175, 2, 1
0.4545831631141464, 0.2738727587687906, 0.8606782082381181, 1, 1
0.691937981366734, 0.4266439233371527, 0.8293662802807418, 1, 1
0.6421066105131514, 0.31318221746396996, 0.7096829733540311, 1, 1
0.7382955926977632, 0.45314771574373575, 0.705487006346109, 1, 1
0.5855531635620873, 0.3722327484593915, 0.8102771828527815, 4, 1
0.6096410954148934, 0.24279798584483225, 0.6194924853914723, 1, 1
0.607913634094415, 0.339976045780103, 0.7695303112069424, 3, 1
0.6641111939248293, 0.3833113312337178, 0.8056904625793575, 1, 1
0.7554097664589519, 0.4263594248915449, 0.7382028755526273, 1, 1
0.5712401237380423, 0.2784828650965007, 0.8474677581979715, 2, 1
0.6722189459356827, 0.3856470025322448, 0.6828984734223776, 1, 1
0.6369844656896604, 0.3059455732304972, 0.7971430531367446, 1, 1
0.6056917747586755, 0.29243868597481354, 0.8048514612267772, 2, 1
0.5110538854123727, 0.4153419920439844, 0.8646173996178809, 1, 1
0.8065489070664473, 0.5265070066241091, 0.7027053844439154, 1, 1
0.509167513091928, 0.400951048210143, 0.8920130418942918, 1, 1
0.8275461291573523, 0.37948665682735305, 0.5900857144389985, 1, 1
0.6457044881816426, 0.21492582150830708, 0.6811730597321237, 2, 1
0.6092611384608978, 0.16948954849563247, 0.69441833702905, 1, 1
0.6738580544925766, 0.39570720904594303, 0.8711264415557189, 2, 1
0.4874363698586999, 0.25648957338163486, 0.789094327473286, 1, 1
0.6478680327012964, 0.4796938030526424, 0.7775066417745974, 1, 1
0.8002429871014012, 0.41423328620500344, 0.57638814924797, 1, 1
0.6017640592470451, 0.10277428703307667, 0.5983776246423661, 1, 1
0.7756607821180286, 0.21869272599881578, 0.5286616061260282, 1, 1
0.6838883655397041, 0.568194042855766, 0.7959338210849818, 1, 1
0.6164441483691978, 0.2908726726699512, 0.665342585972188, 2, 1
0.8549174055225415, 0.4659629690685798, 0.6044857004565926, 1, 1
0.637536638910884, 0.46297349671066934, 0.7885081701982471, 1, 1
0.6780964100435579, 0.24362184558188713, 0.6344836545898696, 1, 1
0.6665279829416432, 0.3116197253120273, 0.7032147991736774, 4, 1
0.639244825111893, 0.2078913239371321, 0.668447052787271, 1, 1
0.6936449823355564, 0.48940722485042526, 0.7076500775773434, 1, 1
0.6927206280444724, 0.3080660154396349, 0.7215036441640482, 3, 1
0.5912721900739437, 0.40469840319069755, 0.8106770206476717, 1, 1
0.6757151590964208, 0.30783399602201694, 0.6401644910068272, 1, 1
0.5767425780794192, 0.3521577814441956, 0.739515100452341, 1, 1
0.6707949700912053, 0.38379547733304453, 0.7795739801231129, 3, 1
0.5466885565552179, 0.39049144310420036, 0.901408670749764, 1, 1
0.524630085848957, 0.26537962371481244, 0.815050665117347, 1, 1
0.8037485258991309, 0.33838324666173847, 0.6358058726379755, 1, 1
0.6541137691428038, 0.21486669963464888, 0.7730694422734417, 1, 1
0.6832452750047242, 0.3172620397946212, 0.6680878223464131, 2, 1
0.6746452076935816, 0.44609795883168274, 0.6838219718113983, 1, 1
0.7838933040332883, 0.34247604489635897, 0.620123090648184, 2, 1
0.5144764044356452, 0.011810292869608496, 0.657300231034304, 1, 1
0.5494321189653544, 0.2782077215194542, 0.7421636319132016, 1, 1
0.6343594456494994, 0.43390762134342914, 0.6857835290532979, 1, 1
0.669779815675037, 0.13867139031788323, 0.5860342860458552, 1, 1
0.4873377493052, 0.12881215653811162, 0.8640573456273929, 1, 1
0.5656480650981335, 0.38867485934436813, 0.893138708002029, 1, 1
0.6235377738853041, 0.45151692224992745, 0.7583820182308962, 2, 1
0.6959418920900877, 0.43822972457824794, 0.6289838208679577, 1, 1
0.791446308550631, 0.4452925367300688, 0.5768740286389045, 1, 1
0.6395348141382617, 0.3254316539718423, 0.6850590294352417, 1, 1
0.6738432908559618, 0.2939608599162666, 0.6731048053481854, 1, 1
0.609482631220128, 0.36670064954626097, 0.7544056033440073, 2, 1
0.7594111009501734, 0.44763478234331866, 0.7143089576826842, 1, 1
0.6069151191353812, 0.2954576416926816, 0.7326094612138043, 1, 1
0.6997787889711746, 0.28909459405738513, 0.6349677260599961, 3, 1
0.6608123235078545, 0.40413748231892427, 0.797002825760721, 2, 1
0.7192017315836916, 0.16971228128991028, 0.5046347324492507, 1, 1
0.7050215898106323, 0.2393320723978431, 0.7660964057677453, 1, 1
0.6434425165643785, 0.2730833011045605, 0.6746664152499148, 1, 1
0.7551276865395736, 0.31341371207610247, 0.6410960258466897, 3, 1
0.7698588428245682, 0.30190846316514863, 0.652139284799021, 2, 1
0.5643952729188088, 0.2693541529695579, 0.779423274477759, 1, 1
0.7105042882142394, 0.4493429574614994, 0.6340210641984763, 3, 1
0.6969780012594353, 0.222820957214312, 0.6827239872215468, 2, 1
0.6714449042298627, 0.40910781717944167, 0.8283952680289175, 1, 1
0.5452813923285167, 0.2689771667804506, 0.7821499132809666, 2, 1
0.7323293455591043, 0.4270563279195075, 0.7182083173926306, 2, 1
0.618012799259864, 0.26480732384961847, 0.6895327485371002, 3, 1
0.5338011465938628, 0.3047588327233792, 0.8320392918919658, 4, 1
0.6415614380826511, 0.18425991761088512, 0.56496098288164, 1, 1
0.6958213716846461, 0.24488941370006348, 0.6164965507825685, 2, 1
0.5149214472671351, 0.3020403731254923, 0.8543470444278072, 1, 1
0.677576589765875, 0.35537771991602657, 0.7665839671886705, 1, 1
0.8130486778177939, 0.2920730091031435, 0.4832545554934512, 1, 1
0.6865006932623369, 0.34037078869398385, 0.6939229441754726, 1, 1
0.6851912457174939, 0.41059841074577474, 0.6961155225855884, 1, 1
0.7154183812447962, 0.1813755493633788, 0.5545386833810713, 1, 1
0.8854886586392638, 0.47388740549135033, 0.556998194448406, 1, 1
0.6588111860192659, 0.49111525056389854, 0.8143401652910861, 1, 1
0.5910746973819823, 0.5300703251662781, 0.8071294819435764, 1, 1
0.7039375279893996, 0.46044935127265646, 0.7704215653317055, 2, 1
0.519988064751826, 0.44444885872815004, 0.8389024173782185, 1, 1
0.7034732332779061, 0.4120390888200132, 0.653971918876437, 2, 1
0.4869558312888172, 0.299847988257885, 0.7850587748956235, 1, 1
0.7909179559996504, 0.3106495550654387, 0.6176113112929135, 1, 1
0.4893538442219725, 0.16911449157621905, 0.8172579348395752, 1, 1
0.6652887164980882, 0.5048483992809724, 0.8240147253130004, 1, 1
0.8629992414367276, 0.4211817771229263, 0.4991225173000387, 1, 1
0.6795732151280942, 0.24490483295209092, 0.6933001889152358, 2, 1
0.6325852957521105, 0.3409567836753027, 0.8086306435240439, 4, 1
0.5371549850861834, 0.2495663863843398, 0.8082847912814478, 3, 1
0.7147585617720271, 0.2427229235214785, 0.6938265137467999, 1, 1
0.733659070299911, 0.4355607088524026, 0.6525885980697519, 1, 1
0.5962992922422387, 0.2835455021065687, 0.7303087986023232, 3, 1
0.7720853873158874, 0.4899444797116367, 0.6419500724061791, 2, 1
0.7141628444043144, 0.2947256987686232, 0.6448503364003149, 1, 1
0.6517190369393805, 0.1614058273234787, 0.6777288139040998, 1, 1
0.8587007183417581, 0.425901035837735, 0.6126418431262359, 1, 1
0.75814913949645, 0.4784594306202354, 0.763477872556633, 1, 1
0.7136859348620308, 0.3255630070140628, 0.7504209866262983, 1, 1
0.5100575232233292, 0.34354747757754445, 0.8582104005111625, 1, 1
0.6660263072144201, 0.35647963152375434, 0.6710632983537262, 1, 1
0.5491375926851068, 0.42633993661963937, 0.7986992923490766, 1, 1
0.6976892196136146, 0.26935079807456064, 0.5454341628900234, 1, 1
0.7097026980472407, 0.23375739836370088, 0.7136489329155931, 3, 1
0.7215752495147087, 0.35188311566475017, 0.7620773185574785, 1, 1
0.6942491430578877, 0.45702475592676334, 0.7300749183326273, 1, 1
0.7094744688974141, 0.3807339003240559, 0.7118966740902746, 2, 1
0.72249285594083, 0.3422939997712117, 0.5912275845534346, 1, 1
0.7186533952458684, 0.08948201091799757, 0.6578095264758652, 1, 1
0.696314752246315, 0.3279475348859623, 0.6864524742970703, 2, 1
0.8128161419818183, 0.36442695476673825, 0.4952199422463354, 1, 1
0.6782639183534052, 0.2619717807465184, 0.673749734791328, 1, 1
0.5864107984639072, 0.23299401158944938, 0.7262816694557701, 1, 1
0.8033880239279863, 0.32161331162037265, 0.6445439003425036, 1, 1
0.5213231467619547, 0.23671944502929154, 0.8486649880197266, 1, 1
0.7385808505486539, 0.32655472592338, 0.7119071555027068, 1, 1
0.5381337538042288, 0.24097497070555787, 0.7884013551612283, 1, 1
0.6064571768959215, 0.09189141938677942, 0.6984214098743091, 1, 1
0.638174038805901, 0.2531772699793433, 0.7179341043291261, 1, 1
0.6700974590971969, 0.22711502898973726, 0.7132532314088128, 3, 1
0.5741819580463939, 0.5493176191745204, 0.8412186479821131, 1, 1
0.6617985363088456, 0.42699832476915284, 0.7027652737624331, 3, 1
0.7114298227945466, 0.46555700925279353, 0.6661192259757351, 1, 1
0.6713077725517148, 0.30199734890912927, 0.714828421086161, 5, 1
0.59853796737511, 0.29720206708000474, 0.8520126624541056, 1, 1
0.7082285321283526, 0.3462834198209249, 0.678905472088331, 1, 1
0.7981764368468366, 0.4574559388903917, 0.7205030418792338, 1, 1
0.6934659655804669, 0.2316108330957488, 0.6941647857972542, 2, 1
0.6973445325531116, 0.34464214906471013, 0.582798123074386, 1, 1
0.7127655645863409, 0.26037599720315907, 0.6948290151480888, 2, 1
0.634237176056336, 0.31113043870355195, 0.6809069312851967, 1, 1
0.6685350969836785, 0.27189329174341426, 0.7119648400900142, 3, 1
0.7589424123515687, 0.22917074061805515, 0.6085939936703324, 1, 1
0.6693688651329346, 0.3939321983000422, 0.6338830309486444, 1, 1
0.6947475095083819, 0.3672577406421394, 0.6152269657072639, 1, 1
0.4726198367203775, 0.14041044298049132, 0.8262412350691315, 1, 1
0.5669769191164027, 0.22598471805055642, 0.7445172638522439, 1, 1
0.5259145250180814, 0.22838765334225838, 0.8362796212245757, 2, 1
0.6331609339817917, 0.32132506667961014, 0.7228964052524621, 2, 1
0.6044075674772772, 0.21306937754794716, 0.8192183408544018, 2, 1
0.5287221664851628, 0.26392842178440845, 0.8010456107841285, 2, 1
0.4969524767897174, 0.23020647493559676, 0.7498447664642645, 1, 1
0.5653263193507995, 0.15229997943510243, 0.7237906815225497, 1, 1
0.6476449197846542, 0.3135062667892067, 0.6939658508346848, 2, 1
0.6165899524588186, 0.3219078604010729, 0.683849323738827, 2, 1
0.7660020465850539, 0.43963793984722344, 0.7471325819870314, 1, 1
0.7228380601111927, 0.2955140911805611, 0.6142097719985762, 2, 1
0.7421721431957504, 0.29615251386226754, 0.633992520516763, 2, 1
0.5455858730284989, 0.4287185572207337, 0.8481323570090824, 1, 1
0.6229214359591608, 0.5301710153942852, 0.8490877261199254, 1, 1
0.765886201283464, 0.2600719467997894, 0.5769425433208341, 1, 1
0.6072332743344736, 0.24330985957585027, 0.7325936553233251, 2, 1
0.5886331800307827, 0.16837794414412943, 0.6809241432774713, 1, 1
0.7018628559061757, 0.3880467765625572, 0.6710919642319524, 1, 1
0.5966121818635963, 0.22818308022785705, 0.6863366816627551, 1, 1
0.4899203660519371, 0.19726634641607826, 0.877035494972338, 1, 1
0.6862169529962715, 0.2587695097672438, 0.5603353726638175, 1, 1
0.6734959043998381, 0.44357758029995886, 0.8058797600638752, 1, 1
0.5802657703373069, 0.14497552327085816, 0.7337807571742193, 1, 1
0.7145400331052248, 0.1540325380004549, 0.6725822473243017, 1, 1
0.5715145005764524, 0.5220474137734978, 0.8692059557712788, 1, 1
0.5950188977362756, 0.2764802502076783, 0.7979470585442479, 1, 1
0.5611524414571389, 0.37292580334718484, 0.8220345027636605, 2, 1
0.6333850273036253, 0.22006479164243256, 0.7368166304477476, 4, 1
0.6944788587910841, 0.3677409355087339, 0.6743352315246538, 2, 1
0.5967469967269913, 0.19981099339032155, 0.7998667525290293, 1, 1
0.6957950812015459, 0.4403555076720393, 0.6445657251188462, 1, 1
0.6525137858669046, 0.1995940051148844, 0.764155467598543, 1, 1
0.7247167784583912, 0.2452794972758742, 0.6574440929703438, 1, 1
0.6063707431046704, 0.2370747347485745, 0.7069519136995164, 1, 1
0.6754500761693504, 0.5108338902471701, 0.7884844122000121, 3, 1
0.5313233027012316, 0.5297117799070177, 0.8214655554100407, 1, 1
0.643984518238621, 0.4531519085009592, 0.8309897231409529, 1, 1
0.7337235726383915, 0.34296415120212875, 0.7751813513438911, 1, 1
0.5564476097808229, 0.3711263772500515, 0.7483685827127089, 1, 1
0.509588381363787, 0.3703033983818735, 0.7829534434708042, 1, 1
0.5895957330517604, 0.1826165936936191, 0.6711040678964737, 1, 1
0.5456327056788493, 0.4180202188691151, 0.8568353008631207, 1, 1
0.6715005881326679, 0.20851659594373706, 0.7409949841237231, 1, 1
0.6331819455947987, 0.23901559006808698, 0.6311374064547072, 2, 1
0.6243161467336215, 0.17727001618556226, 0.622504451256646, 1, 1
0.6021072760844566, 0.40894131183110805, 0.782425330847189, 2, 1
0.7102860755976101, 0.4884229637516616, 0.7114723547046857, 1, 1
0.611155166287558, 0.42979207333323655, 0.8162842711970184, 1, 1
0.6535805175344382, 0.21717797861915827, 0.6980025081254594, 1, 1
0.7135883232345259, 0.3755184166241721, 0.6845804695870371, 1, 1
0.5575444716494892, 0.16895648750094816, 0.7114155803287149, 1, 1
0.6276501295191425, 0.5813515668409407, 0.7895582747734696, 1, 1
0.6237388557604661, 0.348372643515592, 0.7537710699647656, 4, 1
0.5563271467073075, 0.28000648185238014, 0.834584999912462, 2, 1
0.7553727512216581, 0.32598019390731897, 0.6049517165088584, 1, 1
0.5029134595528189, 0.05563806596731097, 0.6516025977031973, 1, 1
0.6879595474542088, 0.4433020289637484, 0.7445061598856026, 2, 1
0.5352463078678107, 0.4122761264722122, 0.9729811476643555, 1, 1
0.7515655175035959, 0.3345303411058551, 0.594807336051484, 1, 1
0.7015632648326013, 0.23534310731850033, 0.6257474668281421, 1, 1
0.5960604453920139, 0.13192736194599247, 0.5724824227685337, 1, 1
0.533374625701705, 0.24273211870149491, 0.7578350388622321, 1, 1
0.69997805756102, 0.21318049234652442, 0.6131909425772046, 1, 1
0.7320141857821548, 0.41968745734203133, 0.6659047569316685, 1, 1
0.6337022892186467, 0.24829255214838986, 0.6935358865126774, 2, 1
0.6842122268937375, 0.29609852017443544, 0.7281414170715437, 3, 1
0.6827279423682203, 0.3238406839708219, 0.6102691840911623, 1, 1
0.6778751215666191, 0.20477634004693476, 0.6976082324562806, 2, 1
0.6667001747602168, 0.44240862825082633, 0.6731696404092675, 1, 1
0.6092652970807514, 0.5341023101876067, 0.8343386895754987, 1, 1
0.5109258250977243, 0.12064522683471546, 0.6930979910238216, 1, 1
0.6988527405232651, 0.21125810283569346, 0.6500281909168364, 1, 1
0.6615144596150213, 0.44349734863171725, 0.8563848735240553, 1, 1
0.7093368330630089, 0.35891979106598404, 0.7382146620233091, 3, 1
0.8129727458307316, 0.37354864454324643, 0.6760761731914104, 1, 1
0.6902960319248618, 0.2590004310968444, 0.6380619203153842, 3, 1
0.603415457520744, 0.5201959309455857, 0.9961263818265411, 1, 1
0.6349042053964213, 0.17979082139439811, 0.8006325593091421, 1, 1
0.5841839661961596, 0.42098044354685055, 0.7578707386207321, 1, 1
0.8196247946750512, 0.08034059852101605, 0.47452998307093136, 1, 1
0.6330197416367749, 0.3523486948228948, 0.8343686176541187, 2, 1
0.5779551620014005, 0.2691829199479454, 0.8347550608259261, 1, 1
0.5309036538927298, 0.398185677691741, 0.8468541528165586, 1, 1
0.7239480432818226, 0.4374450457470633, 0.7442522511172603, 1, 1
0.650827501573386, 0.3559571155941882, 0.7247009764581727, 3, 1
0.6164069691596952, 0.2514828711070234, 0.6361657231613906, 1, 1
0.4521902713777542, 0.23722574314029027, 0.875612815088932, 1, 1
0.7916955719311476, 0.39307176416746065, 0.6329762538706735, 1, 1
0.5067477509171445, 0.1934800214810733, 0.822135387282148, 1, 1
0.5647791664350171, 0.2034236952635157, 0.7777335970128054, 2, 1
0.646015027590661, 0.2418016304519349, 0.7944227186968038, 2, 1
0.6166163208373866, 0.4911421315483374, 0.7711024431062918, 2, 1
0.6198030537596391, 0.24748102146590986, 0.7354046015204142, 3, 1
0.7332749969393633, 0.27006579732255886, 0.6489851915076845, 1, 1
0.624042559162083, 0.27115064225434504, 0.7993787006294835, 1, 1
0.5803251071514057, 0.1652591253827138, 0.7306691106950249, 1, 1
0.5331825990951973, 0.3098399811349453, 0.8790646267809938, 1, 1
0.6303638967038833, 0.29921856268011043, 0.6879942547146003, 2, 1
0.6900273955139034, 0.29007488602991743, 0.6184472793553947, 2, 1
0.7091545295742891, 0.3623497508093288, 0.7044124982599561, 2, 1
0.6984768736805653, 0.39831718214080936, 0.7267768909142007, 1, 1
0.5722798592104248, 0.35046020999192107, 0.8648375588871012, 2, 1
0.5729082807120796, 0.21356707501922245, 0.7324337078991129, 1, 1
0.6781811216081727, 0.41632328035457844, 0.7067986633442335, 3, 1
0.6642478654978782, 0.402438968058762, 0.7144611996953248, 1, 1
0.7320872867032744, 0.3346738228638211, 0.6124579537120317, 1, 1
0.6661664418461593, 0.21314869366747363, 0.7021797769208385, 2, 1
0.5785668594015082, 0.39627207778842, 0.7671620314615288, 1, 1
0.497940338244004, 0.4140674312163127, 0.9483320683807561, 1, 1
0.629952657330155, 0.27379327801345926, 0.7495680786175825, 1, 1
0.5966348433114808, 0.468453011250596, 0.7575251076423696, 2, 1
0.7294090189487076, 0.36732502831790403, 0.6775576678388942, 2, 1
0.7041100663915129, 0.2416352650780249, 0.5135825731185212, 1, 1
0.8269551765632701, 0.36887266844344746, 0.6462266706491585, 1, 1
0.6257926666118091, 0.17444575701828088, 0.7356526328401466, 2, 1
0.71944201387985, 0.46793770404374824, 0.7059477212251037, 1, 1
0.6251768092930142, 0.3979372732089038, 0.7514107550038153, 3, 1
0.7192183261345186, 0.28012333040725707, 0.6237126591142796, 1, 1
0.6276957659004821, 0.3142486755753808, 0.8038340183161099, 1, 1
0.6746782518361818, 0.2343246829383444, 0.606009462315697, 3, 1
0.6424961533208974, 0.41287953890105183, 0.7512084206597571, 2, 1
0.7573485282034078, 0.3423580924198315, 0.5585394522561018, 1, 1
0.5955225683362997, 0.46621106510060223, 0.8282806904776026, 1, 1
0.533213666354351, 0.339919667176616, 0.8351462265702053, 1, 1
0.6859624017563781, 0.4535341187120249, 0.6728693108732464, 1, 1
0.5618554841923613, 0.30449272986363285, 0.8311261364282865, 1, 1
0.6859996245072684, 0.16398359526369144, 0.566293645155338, 2, 1
0.6118583029823802, 0.15399440738730052, 0.682947536954094, 1, 1
0.7235979925812652, 0.44560175696904725, 0.6454159394073774, 1, 1
0.7493885085245151, 0.22544202643439215, 0.5410185352110185, 1, 1
0.7621439498467436, 0.2444935998224927, 0.635168604622634, 2, 1
0.6672108705673114, 0.3250730091592393, 0.6411414414920007, 1, 1
0.6965448354949134, 0.20252437828527858, 0.6332875640791016, 3, 1
0.4718408885106745, 0.3251451855614825, 0.9039619982615603, 1, 1
0.6474036078082629, 0.40687929833390524, 0.8125741525497933, 3, 1
0.7261327719016695, 0.2038438312395776, 0.6058255858661694, 1, 1
0.5018431211602367, 0.3137700768592419, 0.9616812848684924, 1, 1
0.6825054134441859, 0.4504023880350884, 0.850722370432988, 1, 1
0.4483700384581616, 0.3348400606122165, 0.9324027731113889, 1, 1
0.8267302903643565, 0.3752395083115595, 0.6628074772968051, 1, 1
0.600612574364302, 0.26325837108367117, 0.7975824310582971, 1, 1
0.5798578019777523, 0.47236465810458655, 0.891621538690349, 1, 1
0.7961470553438885, 0.1466255210109929, 0.4999208854895297, 1, 1
0.5247369708844793, 0.1643639504813647, 0.78640760645834, 1, 1
0.6349080624682569, 0.23030343823074456, 0.6632312624107868, 1, 1
0.5620599344229136, 0.2259902539577997, 0.7663710555040926, 1, 1
0.5360455042854558, 0.48622050193183697, 0.887022351537058, 1, 1
0.5944929157723219, 0.19167308367466218, 0.7175645330970563, 2, 1
0.6691392835780526, 0.37966389122672595, 0.8241854849143448, 2, 1
0.674418061043484, 0.11492305542330805, 0.7404893546947725, 1, 1
0.7776747798563207, 0.4714505817681162, 0.7669553792818979, 1, 1
0.6174831210869773, 0.39713170478392656, 0.7206640226262729, 2, 1
0.6946143656299596, 0.3024403978090163, 0.7075915176612063, 2, 1
0.6284875077945815, 0.5132548627077163, 0.8298588920643379, 1, 1
0.8526087606494426, 0.07214098453958562, 0.4766349743434983, 1, 1
0.6110571746551678, 0.42474871905149636, 0.8649952148908882, 1, 1
0.6706385991298172, 0.4509223779316716, 0.7138136416391454, 2, 1
0.5314934821114217, 0.07980840718480559, 0.6967423009595367, 1, 1
0.7588680573086974, 0.199595035857085, 0.5826783148932481, 1, 1
0.7333856306116643, 0.17466214931123764, 0.5753253530548126, 1, 1
0.617673745392152, 0.4953769577179706, 0.8503665048336845, 1, 1
0.6591278579605412, 0.369340813422353, 0.7584975631854969, 2, 1
0.5546212809445548, 0.4871810544835739, 0.8157744377493028, 1, 1
0.6274460449292117, 0.37332067328703145, 0.791914582760606, 1, 1
0.4921344613930886, 0.2965136775181811, 0.8157058104899388, 2, 1
0.6272904477416297, 0.43523390380272486, 0.7193927912613943, 2, 1
0.5275059400630353, 0.32866905161883997, 0.8780901370878829, 1, 1
0.6447323173184245, 0.3741159884794199, 0.7516905580669401, 1, 1
0.5929428944370052, 0.19816756632304833, 0.6264567892592521, 1, 1
0.532081921340891, 0.3499558351578179, 0.799476505999588, 2, 1
0.5801295385035844, 0.06688291268684238, 0.6962596754223078, 1, 1
0.5976982088837012, 0.1537176958285515, 0.6930861906280579, 1, 1
0.637797148762403, 0.23539009482540607, 0.7110588317185322, 3, 1
0.6529704063271232, 0.2464801664838542, 0.7215998378336204, 2, 1
0.5499403658428703, 0.4528324086296644, 0.8405541824263051, 1, 1
0.7264849540171243, 0.18448912424622144, 0.5814547035635766, 1, 1
0.7195329020335649, 0.27142257658276914, 0.6990266738852204, 1, 1
0.5950645271380446, 0.22871698916501682, 0.6702566920245322, 1, 1
0.6221677921479538, 0.26928426125074467, 0.7029181522294974, 4, 1
0.5419007529049146, 0.2936019489833895, 0.7437436585460991, 2, 1
0.6200974816706132, 0.2835943479779756, 0.7377514978765525, 2, 1
0.49351906994133865, 0.3332819622175259, 0.8405417957722688, 1, 1
0.6302014840555031, 0.1800007609764342, 0.6469874916465896, 1, 1
0.5592155081649307, 0.28152250241304144, 0.6989271983537881, 1, 1
0.576219788095818, 0.3624546250055345, 0.7721761702449903, 3, 1
0.573784324144681, 0.4256629454182932, 0.9067402322239797, 1, 1
0.5882459261483384, 0.3764115949086552, 0.8270620574291142, 2, 1
0.5991986481688207, 0.2536083326376973, 0.7155803773765719, 1, 1
0.575523995096425, 0.33633706232294514, 0.6964505626702768, 1, 1
0.6420407501730625, 0.20286560986670077, 0.7054703043278702, 2, 1
0.8165781898471459, 0.36064828934894755, 0.6377462986162529, 1, 1
0.6169673693804241, 0.21939750033539918, 0.7557236370030739, 1, 1
0.5733851214297238, 0.49883650248224654, 0.8851855978778038, 1, 1
0.7151819048341547, 0.3643548354008219, 0.7167170016010787, 2, 1
0.6815179485923968, 0.48810744800487144, 0.7986159224902767, 1, 1
0.5664395951297656, 0.2868967009459478, 0.7644068557799764, 2, 1
0.4844847873597563, 0.3086973789258485, 0.8609375423829309, 1, 1
0.7753207296818152, 0.32589099523106413, 0.6099994972470762, 1, 1
0.7189852134119568, 0.1184326467417726, 0.5901795840323987, 2, 1
0.6702241354583443, 0.4630049463808089, 0.8741851712752164, 1, 1
0.6232185421683721, 0.3477913094925174, 0.6981389286969394, 2, 1
0.5525367349352595, 0.351735153113811, 0.7478717658684875, 1, 1
0.5954947564924409, 0.2679711351052945, 0.7668716893844691, 1, 1
0.6344861441125009, 0.4029783333939238, 0.6816304315107462, 1, 1
0.7104427075152547, 0.2699280839254305, 0.5869722273609204, 1, 1
0.769921755928636, 0.5606559813612115, 0.7090535409487744, 1, 1
0.5880620844219135, 0.35280867696047, 0.7585355111450459, 3, 1
0.7315622507592126, 0.4453589059121831, 0.7764103781895599, 1, 1
0.7050303335767287, 0.35942789029962957, 0.6418616743072675, 2, 1
0.5788603060786032, 0.1221200924412999, 0.6771592717137707, 1, 1
0.619935994622945, 0.4189063194173964, 0.8483032314860905, 1, 1
0.5630560885908161, 0.4396164591860146, 0.9153262019526403, 1, 1
0.8017301188368313, 0.31257141951902867, 0.5970549320475437, 3, 1
0.6862698811377678, 0.41151555837867493, 0.6819117324889844, 2, 1
0.6673380695319128, 0.3697279370189532, 0.7419208849064108, 2, 1
0.5226037240925122, 0.10097558190485839, 0.7979230149128018, 1, 1
0.6118562496424147, 0.17673708970649693, 0.7178641708934153, 1, 1
0.5092217593036377, 0.332307236862198, 0.7655533754734324, 1, 1
0.628617509644727, 0.3195153177955514, 0.8389618197328783, 1, 1
0.6504744170421806, 0.09787493061339109, 0.6518480176378671, 1, 1
0.722246934389215, 0.48141791969916203, 0.6348608207877462, 1, 1
0.6187509105316704, 0.22324672995717232, 0.8002543069797916, 1, 1
0.6974276519729318, 0.29914315756215915, 0.6545693461051196, 2, 1
0.5874400302347677, 0.15869906970843145, 0.7557397212177475, 1, 1
0.7290370484927127, 0.4844730880493841, 0.6890753827143733, 1, 1
0.8192160458534711, 0.22503373685528483, 0.4719212167220623, 1, 1
0.7177227114441876, 0.33662014453658934, 0.6325288817295658, 2, 1
0.7300460333877458, 0.22926129782254343, 0.6887214711997683, 2, 1
0.6007408557220086, 0.31511740552504086, 0.7688366718586527, 2, 1
0.718528252004365, 0.2543806158235914, 0.6724282956394415, 1, 1
0.6166964199892816, 0.2882072694186849, 0.7554823639226433, 1, 1
0.670925395816315, 0.18735879972757452, 0.6717038021938309, 1, 1
0.5693328266825911, 0.40637015892142786, 0.8310993881055643, 2, 1
0.527183988255291, 0.21831217648956303, 0.7407424666737279, 1, 1
0.4707069003933369, 0.2122508796985037, 0.8204961335917815, 1, 1
0.6292460604392915, 0.30034928599701116, 0.8248384285149323, 1, 1
0.630332202377397, 0.11863690174690894, 0.6373738428110207, 1, 1
0.7101647543522389, 0.39263083515536445, 0.7223037964138173, 1, 1
0.6428528416448523, 0.39520481966719867, 0.7230859738687143, 1, 1
0.6134952587114824, 0.4732702524225071, 0.8415234893463162, 1, 1
0.583737963455678, 0.18356545021453397, 0.7108616755080475, 1, 1
0.5986200178566465, 0.318073422099079, 0.6762332551603872, 1, 1
0.7519934661926841, 0.44424804573099913, 0.7642070990730545, 1, 1
0.6140799376802453, 0.49159487194636264, 0.8972361948734195, 1, 1
0.6708014144374772, 0.2439829633433908, 0.7156622656343322, 2, 1
0.7438219435765447, 0.1449285734198426, 0.5736888141558806, 1, 1
0.7107065602075957, 0.48652993661326266, 0.7461549778680634, 2, 1
0.5873415416071712, 0.4256783759956747, 0.8096019948343212, 1, 1
0.7501595659747732, 0.2777812980919492, 0.6621243177425149, 1, 1
0.7237309190562129, 0.4946322872170064, 0.7554945072276205, 1, 1
0.7574041670811458, 0.4529745778315495, 0.6253301628750437, 1, 1
0.6918043556184387, 0.14873522280324109, 0.7006531476638388, 1, 1
0.7175434565141735, 0.2988200354102847, 0.6728542054930621, 1, 1
0.7360552480810265, 0.44342409876935973, 0.7305865550914016, 1, 1
0.8313104981811703, 0.38563912750763124, 0.5594193930034015, 1, 1
0.5833095687006453, 0.3001863224517845, 0.7909660485244958, 3, 1
0.8114183034624509, 0.33306235118848, 0.6163636310771089, 1, 1
0.5414212654694294, 0.36695902493583055, 0.7968917126847211, 1, 1
0.6326415011210079, 0.26786254867135356, 0.6690912522569624, 2, 1
0.7813548049353134, 0.3943436509929651, 0.7146928636839934, 1, 1
0.604969010724902, 0.13102847172276888, 0.7179917089472854, 1, 1
0.6195629456560022, 0.272371473289989, 0.6420436092848242, 2, 1
0.6214337193310552, 0.24490707219893806, 0.6881763401370724, 1, 1
0.7590069401565244, 0.4514563157714284, 0.8107504872305884, 1, 1
0.7124654231351419, 0.2806566812900892, 0.7630202083806887, 1, 1
0.6154151902656531, 0.45899243400983586, 0.7686468180966464, 1, 1
0.7449030551383236, 0.40211552338722845, 0.7602020758872685, 1, 1
0.6982305888033586, 0.4162993615188315, 0.7088926852233469, 2, 1
0.5768865958127127, 0.20171063147734414, 0.7431240038900979, 1, 1
0.74770079067904, 0.16239226333066425, 0.5660731952451042, 1, 1
0.5460197941205426, 0.25996954770396297, 0.64873062809141, 1, 1
0.6923788640312086, 0.5489487786334891, 0.8027971578546523, 1, 1
0.7971332470775534, 0.3526361947530219, 0.6221809858603852, 1, 1
0.6932433895206529, 0.36594229126801353, 0.7247842667521208, 1, 1
0.5721273279557935, 0.34866822462377867, 0.8451557207029586, 1, 1
0.6050351823631623, 0.1825551253230468, 0.6666303100642249, 1, 1
0.574157186621814, 0.3161700584662198, 0.6484958264769383, 1, 1
0.6790182853447985, 0.4294230991832076, 0.7677927613336558, 2, 1
0.6640631363422322, 0.16156907338035548, 0.7045374261021703, 1, 1
0.6853508500127922, 0.35206423023318056, 0.6343027410271741, 2, 1
0.7255682730005378, 0.20290269058510269, 0.6733472933482375, 2, 1
0.7764043825674443, 0.46365288437128427, 0.6697074038361086, 1, 1
0.6944785700416473, 0.15750331421375272, 0.6883414277600736, 2, 1
0.748241454530904, 0.4886308895905663, 0.6392461072099175, 1, 1
0.5960922442917476, 0.5570444487551037, 0.9246135295097502, 1, 1
0.5270874790439835, 0.257888564772048, 0.7469309671354123, 1, 1
0.7673387379408196, 0.4349884719314227, 0.6446901008815773, 2, 1
0.6222298626240924, 0.23126317536621532, 0.7434406413174615, 1, 1
0.7912957706029593, 0.3337287393480193, 0.6895624996943959, 1, 1
0.6533523173850565, 0.11289316184734906, 0.6704909028672122, 2, 1
0.7606402384483256, 0.31519918855716234, 0.6761968416036365, 3, 1
0.6374508755042962, 0.36192358975338257, 0.7196594911048285, 1, 1
0.7600631285242712, 0.4420497733122962, 0.6853929497288576, 1, 1
0.6089787345147982, 0.2185428426502029, 0.7712641423739874, 1, 1
0.4930954602548816, 0.28494396547913725, 0.836938164720109, 1, 1
0.5959679114559849, 0.09370776179262508, 0.6346604191092994, 1, 1
0.6124180892325058, 0.23854722512289128, 0.8063036291725139, 1, 1
0.5626364165025326, 0.1847560610417882, 0.7201203065962892, 1, 1
0.5513107286623375, 0.16372677631590654, 0.9374158121376008, 1, 1
0.6939617982384307, 0.2043509365692633, 0.701128006132412, 2, 1
0.6001517336564635, 0.27368837603655144, 0.6964420475536472, 1, 1
0.5291863768469438, 0.19091619079540717, 0.8507166218344745, 1, 1
0.6053526672018544, 0.23510013216889775, 0.7878726367405011, 1, 1
0.6268761383607528, 0.345258100306631, 0.6762356407286428, 1, 1
0.5791694609678478, 0.24855509691304936, 0.7335680313675197, 1, 1
0.6357850454936369, 0.18581247710258508, 0.8224346506381714, 1, 1
0.5399531626634271, 0.1946337936265472, 0.7718066276080177, 1, 1
0.5814828292029018, 0.3197999784584439, 0.8030734463420199, 1, 1
0.7117146243282777, 0.323973898884187, 0.5494511196951904, 1, 1
0.6409099156148758, 0.3585457081194325, 0.7049921748464999, 1, 1
0.7649942397863304, 0.3835761422389155, 0.6586484041323607, 1, 1
0.63216599393791, 0.28469533425205945, 0.7151626895838951, 2, 1
0.5356023052516099, 0.1972724650024475, 0.9081893865131224, 1, 1
0.7167737878530969, 0.45801755096684077, 0.7279867030711289, 2, 1
0.6076438923416793, 0.1880345498254425, 0.6972460298715784, 1, 1
0.6916923232294467, 0.26347072127905236, 0.7435108458409011, 1, 1
0.6720654974285916, 0.11972715242810916, 0.6765673010186857, 1, 1
0.544311437968955, 0.2720555917442679, 0.8362383873246169, 1, 1
0.7507956349183911, 0.3154835745837398, 0.565201453667771, 1, 1
0.6319130039800778, 0.34853287250716747, 0.7301247230030474, 1, 1
0.6110197113128174, 0.308442668892426, 0.678940844183713, 1, 1
0.6481419505972382, 0.43002187803503644, 0.768028729396274, 1, 1
0.6936160637047502, 0.3218085145503192, 0.7770112957655072, 1, 1
0.6385900301447901, 0.47599846572069776, 0.8554634830378269, 1, 1
0.6494443593380148, 0.17500631573346426, 0.6507872655639085, 1, 1
0.7271745291742238, 0.38014865931352987, 0.685472515074254, 1, 1
0.5210387636156765, 0.1849351051966407, 0.7014484662236822, 1, 1
0.59518535461149, 0.4194020942838402, 0.8771424884150332, 1, 1
0.5321747333125917, 0.27670432292484365, 0.8309526732902206, 1, 1
0.6493794470488425, 0.281734090547373, 0.7064402426935085, 2, 1
0.7897102484684427, 0.3879226840395313, 0.6068186497664207, 1, 1
0.6932008407716252, 0.5007589875893765, 0.6912664189460616, 1, 1
0.6372201111440039, 0.37959429427304253, 0.8740030939104031, 1, 1
0.6826627311006559, 0.28951280240066557, 0.7923085684067462, 1, 1
0.8669027023283795, 0.2713290019716686, 0.5557352083707717, 1, 1
0.6425725186523639, 0.39458178189996357, 0.7501259239075045, 1, 1
0.8239707540339878, 0.39995949789348395, 0.6091559698093353, 1, 1
0.6424745636490777, 0.33100601055215706, 0.826692901002744, 2, 1
0.8032831436209981, 0.3398844501022029, 0.6799796258176909, 1, 1
0.6745411622228968, 0.4560131089634025, 0.745279276300559, 1, 1
0.6728216402922675, 0.3294417061799567, 0.7400962357627954, 2, 1
0.6614076007089401, 0.4107411752274167, 0.6969590526409639, 1, 1
0.48966521994382833, 0.35667561001909276, 0.7621453192324459, 1, 1
0.5901455970066337, 0.2757640942654767, 0.7803578778841916, 3, 1
0.551493040263156, 0.23525562138899125, 0.8420585712574836, 1, 1
0.7788866439189812, 0.33228365573691787, 0.5298620385410265, 1, 1
0.6916473192459998, 0.4181995555170461, 0.8168518140230844, 1, 1
0.5948640134765139, 0.40983514040238794, 0.6661819386991165, 1, 1
0.7384783015687408, 0.38826579252789023, 0.6619086320273813, 2, 1
0.7780581798090114, 0.2051110220543894, 0.6073223855408494, 1, 1
0.7439409375232264, 0.20340467764828302, 0.5014666202238779, 1, 1
0.516960707083357, 0.4273984882180325, 0.8917137009739708, 1, 1
0.7365614543921649, 0.32327104143509955, 0.6290327571990385, 1, 1
0.7592773364708635, 0.3673523867830475, 0.7030405800372511, 2, 1
0.5762325445249672, 0.2286660948496806, 0.6860867452426744, 1, 1
0.7610741782877855, 0.2131515775840534, 0.6563910591859232, 1, 1
0.7209441245671759, 0.40450489617880026, 0.7512608519167877, 2, 1
0.6337314774960112, 0.4181227008908852, 0.8299591837070894, 1, 1
0.6554274446681838, 0.3307355947074605, 0.6611347122445593, 1, 1
0.7873706014264046, 0.3978965145590724, 0.655935566365733, 1, 1
0.694677437225639, 0.29364835676571543, 0.7707727799477345, 1, 1
0.6843035735370862, 0.1702653363471201, 0.6792665026260536, 1, 1
0.6966235551070951, 0.42771129226833793, 0.7800885586306959, 1, 1
0.6038203475114952, 0.3855797565527318, 0.832239131109434, 1, 1
0.6374130755432156, 0.27035891525044853, 0.7283953499143846, 1, 1
0.6657998936422075, 0.30843532714958466, 0.6277822233151323, 1, 1
0.6861769977274065, 0.3852863900475428, 0.7743265375402844, 2, 1
0.5634088256082374, 0.301646364823853, 0.8854137402673098, 1, 1
0.638290945434949, 0.33438732714921293, 0.7819797066796895, 1, 1
0.6659838315879362, 0.4457955934695144, 0.7589362870363846, 1, 1
0.46216157037171846, 0.23878441237615305, 0.9652781831812027, 1, 1
0.6578509637538957, 0.3259343998595108, 0.5789084413506715, 1, 1
0.5396981679546534, 0.22817439464030476, 0.7610148087691376, 1, 1
0.6123914350621641, 0.25998682643291393, 0.7319651700773853, 1, 1
0.7902943535689735, 0.4385652537384601, 0.6853744944580629, 1, 1
0.6399219593955311, 0.4747004579391679, 0.804530461215161, 2, 1
0.593173174706344, 0.3808590458804471, 0.7906191741643204, 2, 1
0.6277954202344942, 0.24520905426004957, 0.71335182034146, 1, 1
0.5809697353131189, 0.2982373105877204, 0.8114278227444517, 1, 1
0.5873957160939813, 0.2197340467865554, 0.7586471354253919, 1, 1
0.5296131145322283, 0.37760404774572803, 0.830857675058209, 2, 1
0.6649928803052323, 0.24231553613981405, 0.6131430055659153, 1, 1
0.7499958327785491, 0.46741782921285213, 0.6656931674977824, 2, 1
0.719353279596802, 0.21533910102914738, 0.6414056177255009, 1, 1
0.574794267002852, 0.4844843692925849, 0.7921509235207832, 2, 1
0.7012308716752497, 0.4493007436039888, 0.704690126159291, 1, 1
0.6497023508169426, 0.40130984480448867, 0.6793030509956142, 1, 1
0.7727891409288146, 0.25273070358105154, 0.4834440663801305, 1, 1
0.603245232964007, 0.12698311061810957, 0.7538750625680605, 1, 1
0.5381977164920487, 0.34580999300956317, 0.8822586214985895, 1, 1
0.7615470146415773, 0.2833895755772533, 0.6205091403615364, 2, 1
0.5225220020247672, 0.21022716617968873, 0.8421797332419825, 1, 1
0.6771273185689064, 0.3672680614802818, 0.69318807216966, 1, 1
0.5694718197095354, 0.25220689649473166, 0.8448736412459389, 1, 1
0.5610462911284031, 0.39072211112064814, 0.872729014426513, 1, 1
0.5427320147248074, 0.5023569051299698, 0.901023344071893, 1, 1
0.570507445620933, 0.2746748126282106, 0.800328582086799, 1, 1
0.6596487331779978, 0.2556510874048016, 0.7671086867021755, 1, 1
0.6733261013628132, 0.28575126855841226, 0.8303192314960317, 1, 1
0.6064749927066455, 0.3563012245197128, 0.7443875577832846, 1, 1
0.5988240134245821, 0.3604739576345577, 0.7186269969042405, 1, 1
0.7144902856888944, 0.3934327766599462, 0.7946162262760654, 1, 1
0.8294279838711727, 0.3448055697797149, 0.614296141843902, 1, 1
0.5238056494498466, 0.17305674147446914, 0.73173174326211, 1, 1
0.6193768990607587, 0.3219157584762772, 0.7029859940524349, 1, 1
0.5075586378224347, 0.09628488812609565, 0.7520194372609372, 1, 1
0.6440364090164326, 0.2283450664998376, 0.7290628254012066, 1, 1
0.6271180967545251, 0.34790442893852497, 0.7808929856579114, 2, 1
0.6573238221216737, 0.4946558535223151, 0.8468125235457762, 1, 1
0.5219891833327518, 0.355698574181734, 0.8767787790730118, 1, 1
0.6359898941465965, 0.3093508765602674, 0.7563130843829355, 1, 1
0.5878166649401114, 0.31910757082802954, 0.8269050408890339, 3, 1
0.73092537561067, 0.2742528311342518, 0.7603504653843803, 1, 1
0.597897738363668, 0.3876816854106325, 0.8132282308638299, 1, 1
0.6844538952840775, 0.36180235514777215, 0.6041506889350358, 1, 1
0.6425340827229239, 0.4550623331117401, 0.7668293635384952, 1, 1
0.8206753309114, 0.3397133602547037, 0.6353717857764457, 2, 1
0.7587852293449199, 0.14926879610376464, 0.542743324793701, 1, 1
0.6415908602487909, 0.5186779645873519, 0.8305230088716269, 1, 1
0.7445175567351447, 0.22823166981702026, 0.6716544101481532, 1, 1
0.6320760356037161, 0.20824147370582707, 0.685219588042763, 1, 1
0.8010382925996784, 0.26415939041531067, 0.5519474242962071, 1, 1
0.7737977362544459, 0.3671715509704293, 0.6927197562529046, 1, 1
0.7126071765274508, 0.4033265793094135, 0.6217863695396922, 1, 1
0.5125520795784527, 0.21275617386221296, 0.7075109752731221, 1, 1
0.7025045327502706, 0.2462837753182809, 0.6022261165583566, 1, 1
0.5042201817781867, 0.16831227598484194, 0.816795771921062, 1, 1
0.5788967951815385, 0.29578368841441505, 0.7192117945705427, 1, 1
0.5616007546783209, 0.14926995806104537, 0.8014194732296367, 1, 1
0.723200847687068, 0.41447214852571457, 0.6347584930455862, 2, 1
0.5835299480575216, 0.4555474311411489, 0.8137064636943183, 1, 1
0.6920097343424325, 0.1919856084160637, 0.6583364156990633, 2, 1
0.5767020366611018, 0.2780342587474335, 0.7560789078953467, 2, 1
0.6353160164771177, 0.09611188324875852, 0.6265799387701584, 1, 1
0.7503040241935681, 0.39229740252266315, 0.6367986244528557, 1, 1
0.6465430506367332, 0.43777223303535645, 0.7430653871955868, 1, 1
0.6870593907271555, 0.1555821175258143, 0.5901136991395516, 1, 1
0.5887529312659011, 0.40265590917970145, 0.8858646996844666, 1, 1
0.5944121339895435, 0.5656180906716832, 0.8406887219908811, 1, 1
0.7047024083219797, 0.43805826147140314, 0.7239589801684809, 1, 1
0.5300273591301277, 0.40222382158925, 0.8622374827457557, 1, 1
0.710509839914337, 0.4082096263073164, 0.704438996194482, 1, 1
0.6238201809293336, 0.27379409174093927, 0.7756379636418413, 1, 1
0.5145498371181255, 0.2044953898763851, 0.7479126622511505, 1, 1
0.6088919811904838, 0.5560417504378039, 0.89829261289356, 1, 1
0.5689600604816522, 0.3000344838961261, 0.8023335387984183, 1, 1
0.6462389028897423, 0.48378476885773103, 0.7417033088559378, 1, 1
0.7750082120018111, 0.4051154246337315, 0.647964769691975, 2, 1
0.5725283999629096, 0.5092810128723009, 0.97724975964271, 1, 1
0.5850640581356281, 0.3809844674604778, 0.8737692781388762, 1, 1
0.689184349508911, 0.2297042359483914, 0.633999923676516, 1, 1
0.4511249672962815, 0.15381941881788042, 0.8721520667892839, 1, 1
0.6656906736583948, 0.24791799667698022, 0.6973563572139198, 1, 1
0.7574750079408546, 0.29280718899765446, 0.6636277086701499, 1, 1
0.7253015974804928, 0.3391604559381876, 0.6547202952225103, 2, 1
0.8782790510632088, 0.45106337061321067, 0.5755152373145435, 1, 1
0.6971887159043519, 0.46514189487640956, 0.8036503604841018, 1, 1
0.7024864483869773, 0.12229226055452908, 0.6731076114233403, 1, 1
0.6765290070450193, 0.3690848738829712, 0.7186117727463582, 1, 1
0.6439497050522021, 0.187510248849993, 0.686754700939453, 1, 1
0.47453704883822007, 0.3196741165533389, 0.9535871473383354, 1, 1
0.7763075786777845, 0.30993664636698903, 0.6390607163767671, 1, 1
0.4638440735008576, 0.1361701647747645, 0.7934298430115647, 1, 1
0.7405166323332283, 0.3282306237215552, 0.6004345794401159, 1, 1
0.6713883031918564, 0.19449566368343402, 0.6244876879170926, 1, 1
0.5175215526603192, 0.2789191781674232, 0.8169995845066373, 1, 1
0.6487943527865581, 0.5444556215997598, 0.7646360210374874, 1, 1
0.7827710926411765, 0.18940442985371292, 0.5502097168060222, 1, 1
0.7551641704748232, 0.30662098049666486, 0.7660202179477602, 1, 1
0.7472506014341863, 0.2392790731141264, 0.6489065354984138, 2, 1
0.8049824847911486, 0.3837957702905559, 0.5962924936978631, 1, 1
0.7556372527971692, 0.15249319519495602, 0.5120220955268742, 1, 1
0.6788270614742513, 0.5236858408309595, 0.8441737755269807, 1, 1
0.6000568446264886, 0.46305534822967587, 0.8799791513353423, 1, 1
0.6201702889778095, 0.36269559102644683, 0.722985427528839, 1, 1
0.7963786905804608, 0.25981416434830407, 0.6054340389150595, 1, 1
0.7198908676660055, 0.22618117919504388, 0.5747918751595131, 1, 1
0.8130025878851432, 0.3476082297351504, 0.6753879374277962, 1, 1
0.6197861522111878, 0.41815677560794867, 0.8003527675788569, 1, 1
0.6223413941008169, 0.3890823682547552, 0.7759004675019253, 1, 1
0.6481824587927562, 0.49303363689532614, 0.7696633706809394, 1, 1
0.6344342962099732, 0.20288639286406762, 0.5991781656497431, 1, 1
0.7249806567910279, 0.25626566590355615, 0.5720692965605323, 1, 1
0.751163409470331, 0.3778432821513218, 0.7467670171611194, 1, 1
0.8057665870477684, 0.36241066866162464, 0.6565220076344926, 1, 1
0.7534489363097113, 0.1712262875276544, 0.6075622614434115, 1, 1
0.778962223705018, 0.45275140676047176, 0.6624807840319982, 1, 1
0.6460541337770629, 0.2706274455035225, 0.6372271496376323, 1, 1
0.7782328912960015, 0.2871320442374944, 0.6534057976047143, 1, 1
0.6929847595455683, 0.3288694848144289, 0.6498328203615747, 1, 1
0.768333933783335, 0.2905775843928168, 0.7068612324377318, 1, 1
0.49838160776008933, 0.10248322002877741, 0.7787287571304276, 1, 1
0.5720587815036449, 0.3584037318154837, 0.759480649772838, 1, 1
0.7247261199157908, 0.3109821133441988, 0.6291088577483483, 1, 1
0.6608054776644363, 0.5424714699800077, 0.8102678308714726, 1, 1
0.7396827604345949, 0.39991981398780196, 0.6002609823270569, 1, 1
0.7890795429191142, 0.36972463290638113, 0.7625695999527019, 1, 1
0.5902146373708536, 0.3158449900566621, 0.8593109329324089, 1, 1
0.7414532179252699, 0.3820677126415758, 0.7913053191242505, 2, 1
0.6856579479879583, 0.3050145772623398, 0.6314497476704535, 1, 1
0.6559563899139385, 0.26886041658490073, 0.761348984463239, 3, 1
0.6019657746739596, 0.1865489999401601, 0.6402035115799676, 1, 1
0.6312729897642303, 0.2201327476224029, 0.6728022750322122, 1, 1
0.7495527784599818, 0.33030248700580256, 0.617522335197959, 1, 1
0.7086041681417315, 0.39049753592373887, 0.6913655596634809, 1, 1
0.7339484254482477, 0.24338436777940703, 0.566590597651947, 1, 1
0.6876254245016998, 0.479479354962598, 0.7005613834906113, 1, 1
0.6906880311511505, 0.37550811141072293, 0.7383578226548453, 1, 1
0.6127250010283309, 0.4368263493837081, 0.762153815512265, 1, 1
0.8635733617010224, 0.5893281428898568, 0.7017379505409566, 1, 1
0.5307783936670027, 0.24932456693468924, 0.8911706690293131, 1, 1
0.6591955348261915, 0.30013235509493086, 0.6542718676385489, 1, 1
0.7044749597380529, 0.23294255062063363, 0.5744762135217668, 1, 1
0.6818983579291451, 0.4933490509314514, 0.7644718153903423, 1, 1
0.6081565043531063, 0.4655645879534292, 0.8196176467372083, 1, 1
0.5603378248285594, 0.3589749690566741, 0.8633594514091483, 2, 1
0.6848067256341315, 0.4496809808426014, 0.7790648725732402, 2, 1
0.6491801642892038, 0.14789794795147304, 0.6698434109428051, 1, 1
0.595604430251838, 0.2044734856089716, 0.7593532534143219, 1, 1
0.48458859116776204, 0.1595403616474078, 0.7165921051578448, 1, 1
0.6616560524937899, 0.413908436272336, 0.721003537893452, 1, 1
0.4781826802282585, 0.24973224414119297, 0.9032110825536621, 1, 1
0.6603961185965608, 0.15982653922603296, 0.6542070769236696, 1, 1
0.5499059487142706, 0.25828065185446436, 0.8219784971150922, 1, 1
0.7709394596181363, 0.4460968392039969, 0.5772435729450283, 1, 1
0.6481504330326104, 0.3630398287980061, 0.6898465045035311, 1, 1
0.7747544949432212, 0.27074942780596, 0.6591294700092907, 1, 1
0.8579799940200192, 0.4779043246084076, 0.5939059844714766, 1, 1
0.526563017117654, 0.4179799583286833, 0.8321912950071253, 1, 1
0.6140645878094124, 0.23797149805294956, 0.7591684553063105, 3, 1
0.6190741946213109, 0.4123586107514221, 0.6610142508672034, 1, 1
0.6489698582191045, 0.58616746427983, 0.7651158234377115, 1, 1
0.6214004693282027, 0.2473149777612003, 0.6503161078621905, 1, 1
0.5252326473485581, 0.3188300381769842, 0.8345382725660995, 1, 1
0.5371142910253374, 0.43043128496054806, 0.7915178712136994, 1, 1
0.7550112081489744, 0.4282711013389884, 0.6963275621842276, 1, 1
0.6583325611244286, 0.1247702088085837, 0.6391968322898521, 1, 1
0.7185558331034991, 0.1497287992204815, 0.6332985416109499, 1, 1
0.7055415749747093, 0.486255964959239, 0.6267324350029942, 1, 1
0.7324943616880062, 0.2892087536951365, 0.5815022779738193, 1, 1
0.6776484399884307, 0.46943502577342566, 0.7593310708893117, 1, 1
0.5721278981041767, 0.2548048946957127, 0.8082254979017042, 1, 1
0.619623707290391, 0.4119111168812847, 0.8195605834036486, 1, 1
0.7492293393144286, 0.41934452078520273, 0.6184435716156634, 1, 1
0.6699995874308196, 0.4582655681994001, 0.840601622403562, 1, 1
0.6653121137915127, 0.2503622045659579, 0.6470228587469352, 1, 1
0.5796157460014506, 0.25979800911425655, 0.7802880870764457, 1, 1
0.7453837175722564, 0.3403907320784113, 0.5838772756498782, 1, 1
0.6332252170603523, 0.27661894533275466, 0.8253284506015581, 1, 1
0.7020723442655359, 0.41390257081932874, 0.8336363542122948, 1, 1
0.5854745375346941, 0.373765384313917, 0.7330582216747246, 1, 1
0.6264010387933739, 0.42633232828014334, 0.7588674569080055, 1, 1
0.6910832975245725, 0.48087040301421163, 0.7316090092422355, 1, 1
0.5994542361408809, 0.43476995796777607, 0.7606538609751274, 1, 1
0.5918492322049151, 0.3339912451978315, 0.7216907566189429, 1, 1
0.5905257225999749, 0.10004282167942191, 0.6825284321660265, 1, 1
0.6449234789527525, 0.37114712935905625, 0.7737518417594427, 1, 1
0.6788414322359924, 0.34680984910233315, 0.8093588013928671, 1, 1
0.6234017952028977, 0.2872883546986928, 0.6848503624979622, 2, 1
0.47953710562464746, 0.3512514476029791, 0.893921325029744, 1, 1
0.7813874563151121, 0.426625492131455, 0.6584803277623782, 1, 1
0.616490584300199, 0.16355177593717335, 0.7417235045917099, 1, 1
0.6045015007656336, 0.13878241325080487, 0.614572883310234, 1, 1
0.6129109147409116, 0.25631295442236723, 0.6786237598746137, 1, 1
0.625171379702527, 0.23079843544739095, 0.6819770348413422, 2, 1
0.6423526700645099, 0.0865546692842244, 0.7035980290586461, 1, 1
0.6548404623581834, 0.2688453475853315, 0.6512769168221033, 1, 1
0.5244148689742613, 0.5086213082329027, 0.8051131437247303, 1, 1
0.7279380481944843, 0.3700822351690363, 0.6480819344939, 1, 1
0.6370729783020375, 0.31152582770592735, 0.6622962164354328, 1, 1
0.6498449423617617, 0.1802069039710424, 0.667140043847833, 1, 1
0.5731659664021465, 0.16232476928775275, 0.7094414169127279, 1, 1
0.7630817804181195, 0.26575832538397165, 0.5260476498856992, 1, 1
0.7275103027527662, 0.4180510760081297, 0.695675055429868, 1, 1
0.5032220671946851, 0.20614387501425846, 0.6786493563352327, 1, 1
0.6449393049525103, 0.24212665471178918, 0.6466837374877707, 1, 1
0.4907528556824207, 0.3106681035074904, 0.8086609281584054, 1, 1
0.7030913330504632, 0.18328302612307718, 0.7001839463707193, 1, 1
0.7239307914442797, 0.3241594662488029, 0.6391462278848107, 1, 1
0.7558854648888416, 0.2986735518521151, 0.6761871893573905, 1, 1
0.5541191274188868, 0.22811681923477922, 0.8643058327596307, 1, 1
0.48188972934698143, 0.1963420770255923, 0.9375135922064128, 1, 1
0.6688042628518749, 0.6843676746256945, 0.8256853857797042, 1, 1
0.6694612939451574, 0.4131227138926946, 0.8647243783079794, 1, 1
0.5387342873597861, 0.30606132961091614, 0.8187640375599416, 1, 1
0.5815006333573938, 0.10992961988002864, 0.7010515568091926, 1, 1
0.6925671747548031, 0.1362572378735062, 0.6855350439721842, 1, 1
0.7547658431092923, 0.2717577332423487, 0.6421335290890475, 1, 1
0.5338574540602121, 0.29794012973010076, 0.774794534244861, 1, 1
0.7544856290857531, 0.46204832257150225, 0.7275586061168292, 1, 1
0.6207339058140388, 0.21315404285540884, 0.6919049706310885, 1, 1
0.8082349010224936, 0.6557211418013884, 0.6930576938496797, 1, 1
0.6241449221568016, 0.4644647640483867, 0.782913587108621, 1, 1
0.5054281845145726, 0.29077198191408604, 0.8369623854513139, 1, 1
0.6022359581569039, 0.3696520456130992, 0.7692985069683287, 1, 1
0.590358132094392, 0.4343534068541216, 0.8325845310133467, 1, 1
0.603432589432975, 0.22336039187398582, 0.7511601339355749, 1, 1
0.676135498446415, 0.4053686756658748, 0.7832725967003488, 1, 1
0.6582270677809583, 0.3739709617818996, 0.7099670699698544, 1, 1
0.731140366852483, 0.2879547525691607, 0.6048423794780529, 1, 1
0.6954068504666651, 0.3475748780565424, 0.772258356352719, 1, 1
0.6690660089140493, 0.5836918614866404, 0.7628801279795255, 1, 1
0.5454833419262377, 0.34878268102526583, 0.8046156683473338, 1, 1
0.5708822867466466, 0.2647314584709036, 0.7439510248012654, 1, 1
0.607625276030175, 0.41647884911999433, 0.7621742399775056, 1, 1
0.6112251971373366, 0.15939472427935775, 0.711170287212184, 1, 1
0.6664292320503236, 0.3172383225327814, 0.5735818209953816, 1, 1
0.7376630214880888, 0.40283392082486047, 0.7279913087371623, 1, 1
0.5120966409999612, 0.28823430760606583, 0.825065102784262, 1, 1
0.7066173414590469, 0.15138863614603554, 0.6488629830032351, 1, 1
0.6995698763433584, 0.1849823126039135, 0.6317176371377541, 1, 1
0.6166370523980589, 0.23717703381115557, 0.7222784941696154, 1, 1
0.8156510222390227, 0.3901958841183843, 0.6471271248927936, 1, 1
0.5986417004012142, 0.2824726945862779, 0.7087674981024565, 1, 1
0.677769092586703, 0.36159581425279586, 0.7369744831286731, 1, 1
0.6371128468495093, 0.3749818934935759, 0.7162709434868169, 1, 1
0.7799985107807836, 0.1787679387250195, 0.6389597123655392, 1, 1
0.5681898807833359, 0.2464167460476088, 0.7247633706646888, 1, 1
0.7474272338314392, 0.3152607481523326, 0.6741937880703723, 1, 1
0.8316162197734416, 0.21405660783245933, 0.48799159303822226, 1, 1
0.5996439402153685, 0.14599800680115765, 0.7036242730116693, 1, 1
0.6903239775799914, 0.27503575165271166, 0.6791083904100701, 1, 1
0.6595761423201855, 0.48429936997773737, 0.7920232251754764, 1, 1
0.6874464041337778, 0.18038883867778788, 0.6541675136020648, 1, 1
0.5653594878809948, 0.42826712716596416, 0.7919471208761475, 1, 1
0.6659458516126958, 0.24224057480176303, 0.7345983134645205, 1, 1
0.7685186673437182, 0.3975586063294409, 0.7349906304181391, 1, 1
0.7649799955283032, 0.31281384665881967, 0.5891028776898777, 1, 1
0.6609785451510438, 0.13056752732923138, 0.6099404363463966, 1, 1
0.6580719016638161, 0.2368573648147272, 0.7083174114558236, 1, 1
0.6277371956013661, 0.21242800247436228, 0.7049708950508708, 1, 1
0.7499111917959886, 0.3087521423192463, 0.6159085277158274, 1, 1
0.6543104883274428, 0.2871283525044681, 0.7819328052140089, 1, 1
0.5494560648504757, 0.3836597617455382, 0.824357320766778, 1, 1
0.6287519239311133, 0.3768776383318255, 0.7412023133588324, 1, 1
0.5741382754711748, 0.30366509885777326, 0.7433929267045051, 1, 1
0.6151218232735572, 0.4417238112950372, 0.8910142264887697, 1, 1
0.6952247380067407, 0.12072237965281174, 0.6200068542535959, 1, 1
0.6183305223129119, 0.38775458658326667, 0.6868758542176999, 1, 1
0.4567572243054142, 0.3163464083823786, 0.9637058079509222, 1, 1
0.6321737676233216, 0.1573256925203217, 0.7239647504439205, 1, 1
0.6892161513441416, 0.27584881504349834, 0.7523571169717689, 1, 1
0.5455981630703548, 0.25480060456162174, 0.7034182180048641, 1, 1
0.7218873228815652, 0.3159371779875472, 0.6587238638734341, 1, 1
0.6329640340186454, 0.3331919597346323, 0.6479841332927089, 1, 1
0.7656014699732886, 0.5891380703112307, 0.7772699280072468, 1, 1
0.6259031112713014, 0.4807166139969562, 0.7854645542111183, 1, 1
0.6157565484607773, 0.4004174344371014, 0.8556039381212674, 1, 1
0.30383045705373923, 0.37132192141324694, 0.37469344712177055, 13, 2
0.1289829052753221, 0.1965333419838679, 0.4900220300233088, 2, 2
0.19349504971579212, 0.3831412170038232, 0.5039290492645797, 2, 2
0.4382718565090848, 0.38899388994363215, 0.2421570989481282, 9, 2
0.3263106508863831, 0.2567765304829479, 0.29598788692840855, 13, 2
0.2984749855001818, 0.25263385025319324, 0.3151442847012741, 11, 2
0.27516158752786263, 0.29642821900160876, 0.3662885124785031, 14, 2
0.5199283460660478, 0.4682835760421222, 0.1701429017566778, 3, 2
0.06358228284107181, 0.07957490822799296, 0.49545328994959476, 1, 2
0.319403517063089, 0.3754722536540287, 0.3518473411579538, 20, 2
0.2430972573132272, 0.3238417407809557, 0.4127329765528696, 8, 2
0.2519223949447094, 0.26379687806167973, 0.38500218094196986, 8, 2
0.2707552891548087, 0.2264427903685376, 0.347274205529592, 8, 2
0.45918546461865095, 0.5527722236849871, 0.2843708567502451, 1, 2
0.22835025306978401, 0.17827033360031033, 0.36898844140582887, 8, 2
0.16083120890739072, 0.10895862684590568, 0.4025628624570429, 1, 2
0.37082951621578064, 0.533559051818468, 0.36940129656307047, 3, 2
0.4127588717429257, 0.24064866512513278, 0.19701158481521636, 3, 2
0.17462249936579358, 0.29858839907390433, 0.4701816879917146, 7, 2
0.5781533755052106, 0.4259069180513729, 0.1005755674957877, 2, 2
0.2537639835401868, 0.1585881618759972, 0.3275231388804905, 3, 2
0.33844015001849576, 0.17117828533068205, 0.24329644934959446, 3, 2
0.22880914768226476, 0.14933248384595513, 0.3555654437481897, 4, 2
0.37663797821227457, 0.23704374460377897, 0.2255583178195099, 6, 2
0.2992973709710916, 0.21197323136531881, 0.306936291502838, 5, 2
0.3559764269356799, 0.3123168397062661, 0.28574187167859405, 10, 2
0.2783299453030292, 0.09475352192864349, 0.2771569496731579, 2, 2
0.39614144903570847, 0.23186532302522075, 0.20603789062767178, 6, 2
0.10121788775856846, 0.311226646654086, 0.558215247069385, 2, 2
0.33051554550704415, 0.35970109711282416, 0.33468592080479864, 9, 2
0.2451610802941638, 0.3578008091999087, 0.43536203606400764, 5, 2
0.28632007462242515, 0.3932851252092719, 0.4010909160776836, 11, 2
0.06646893191680836, 0.19093339453470404, 0.5420662582691119, 1, 2
0.40122372930613814, 0.35057605223259136, 0.25802215103520054, 10, 2
0.35726425558357516, 0.40543329806461526, 0.32198237616262565, 7, 2
0.5251758889840293, 0.36560764528219925, 0.12963332161983687, 2, 2
0.20666109507603156, 0.3347362552840921, 0.45370758208411577, 8, 2
0.3710041089119511, 0.27415124557268167, 0.2515125556280983, 8, 2
0.4659498233505331, 0.5012301908682067, 0.25233200709105363, 2, 2
0.3383019270628041, 0.015431825461024562, 0.16675368767431786, 1, 2
0.34679882759711694, 0.2767122676569788, 0.28035359791845776, 15, 2
0.4082135135063131, 0.2901367825635836, 0.2257278419719846, 7, 2
0.24833554650832526, 0.44803298816039205, 0.4629745597044533, 3, 2
0.38330008520189784, 0.3343817679734505, 0.2527642398193963, 4, 2
0.30832752372879385, 0.15627341585413104, 0.2674771209253895, 4, 2
0.1281726832150917, 0.37883884405272844, 0.5546589220366245, 2, 2
0.4234794426060319, 0.3548900944602111, 0.2348738481686803, 7, 2
0.33244549576030075, 0.22257307813224475, 0.27289408328922143, 5, 2
0.20660372443883232, 0.27659652132118456, 0.4316001435370933, 7, 2
0.23115897876739697, 0.2319963298457752, 0.38572302952220666, 8, 2
0.26341882044796244, 0.4378431589668619, 0.4437204347177146, 4, 2
0.19260577982163907, 0.42977889439369954, 0.50735895363199, 1, 2
0.3337453916658718, 0.28973891170576277, 0.29729946663921, 8, 2
0.5126464661942707, 0.2573693313813554, 0.08879533858350686, 3, 2
0.2624829342572612, 0.291090571194438, 0.38066051713927573, 5, 2
0.3054445212192194, 0.20398420038719664, 0.29375905130587954, 8, 2
0.5096123366161819, 0.2769060070155467, 0.10418146877642356, 5, 2
0.24407514034903385, 0.41196571744721056, 0.4507177938543246, 6, 2
0.351944473955178, 0.41254704720521945, 0.34055892285801886, 6, 2
0.19049345900601203, 0.3038973449345284, 0.4606382098933569, 4, 2
0.3790107444747387, 0.3772162108875797, 0.2862819722415196, 11, 2
0.23701978798650064, 0.29684411751983486, 0.42699583259967466, 4, 2
0.2011876679245919, 0.11856616149550597, 0.3574861322959349, 5, 2
0.4189457148857896, 0.3115528257415797, 0.21887947843882757, 8, 2
0.12954021098444887, 0.1584063693079011, 0.4592650598198316, 2, 2
0.3710896534601105, 0.4829481023531715, 0.35038028826410983, 5, 2
0.3718483092991994, 0.4446598462241883, 0.333328987676399, 2, 2
0.4455769945978371, 0.3094925416475764, 0.1859634142146215, 3, 2
0.3454475747927671, 0.1610190500405308, 0.23014951133741926, 4, 2
0.19154000666322435, 0.32358336885849887, 0.4708815437779641, 6, 2
0.4717052338617272, 0.3671176854842567, 0.1938299990763822, 3, 2
0.33084557325298103, 0.33686570454192377, 0.3223158176426049, 8, 2
0.19681781785064684, 0.2909326602701281, 0.4457265070074394, 5, 2
0.2980258110325338, 0.39926008919227557, 0.3866119437005915, 7, 2
0.31742653396921, 0.3232892733122021, 0.33620621933730155, 13, 2
0.3072264519259961, 0.432302914539705, 0.39297189963561746, 16, 2
0.34715390166666316, 0.353089405281116, 0.31616758333899514, 17, 2
0.23413108839513647, 0.4665124394508805, 0.48415647999492895, 1, 2
0.28653830121683266, 0.4584401922198031, 0.4243752161378791, 4, 2
0.40601666070104037, 0.3276275699953168, 0.24585457813730374, 16, 2
0.2854372723853085, 0.28103783936623977, 0.3459299884787235, 12, 2
0.44721774774083267, 0.3245788151226136, 0.19821550810323285, 7, 2
0.44859741493321353, 0.49124400814956026, 0.27033503548603305, 5, 2
0.2597706036604832, 0.3196809493641053, 0.3903383098299763, 14, 2
0.20742990725625415, 0.16373236269191246, 0.38264509210064157, 3, 2
0.20555522884179064, 0.2353075532214397, 0.41740569565979635, 5, 2
0.15210402536557988, 0.13282166395484174, 0.4352677107729853, 2, 2
0.4581049230010256, 0.3955437407660075, 0.21961427541767795, 4, 2
0.2703569790041666, 0.3821741079699099, 0.4062128746950995, 8, 2
0.35902804621220125, 0.2470434530586801, 0.26184446897331404, 5, 2
0.33069828094379, 0.15415672869889344, 0.24422897605926658, 6, 2
0.3404878836252774, 0.31134448939626125, 0.3038588273669388, 14, 2
0.3692916123156512, 0.09646411817947781, 0.1707645815291728, 1, 2
0.14834102628097603, 0.25760099909489365, 0.4766213839843397, 8, 2
0.3598410371466209, 0.34184036396170475, 0.29512062554585783, 15, 2
0.3194708436176035, 0.3044026048884021, 0.31472933430485533, 12, 2
0.40166154848205965, 0.42236954996576387, 0.2852384891679398, 4, 2
0.36731225416460356, 0.4250777386819645, 0.32653827462932905, 10, 2
0.18772130819698535, 0.35047920910908925, 0.49280762684427326, 3, 2
0.35931184043113906, 0.21623262152921305, 0.2526151200564473, 4, 2
0.5137721014044735, 0.31020452341508115, 0.11206658703839292, 5, 2
0.3523951691660857, 0.44946333663092847, 0.35873436646756546, 7, 2
0.2976355598661971, 0.2753778303539021, 0.3337980053899765, 13, 2
0.39853506959792756, 0.3150995606980814, 0.2359482285785933, 5, 2
0.30834799514389266, 0.09946813039076241, 0.23725260772716045, 1, 2
0.39849637391496673, 0.38387312258525585, 0.2673591972498563, 11, 2
0.5004629018692186, 0.3926065752596679, 0.16277629941423513, 4, 2
0.29080705704578397, 0.2569563121712793, 0.338144215977422, 6, 2
0.321926846147808, 0.18630215490640278, 0.26656973256237115, 4, 2
0.2775923678852596, 0.2675292315728027, 0.3591792774034646, 4, 2
0.363510029897477, 0.2178481482341269, 0.23352326155431447, 4, 2
0.23635516092349007, 0.2730727624491734, 0.4051274481985963, 7, 2
0.4954309369446326, 0.4147804451283958, 0.19513529059010895, 3, 2
0.2636717187034279, 0.4128766895829935, 0.42507784051329073, 4, 2
0.42918370343064094, 0.47873634026205547, 0.2748995530914557, 4, 2
0.2696200436998334, 0.4905015144215995, 0.4687007295472373, 1, 2
0.4631842882382957, 0.5374891355704817, 0.27278165621601547, 2, 2
0.23582129976208122, 0.4962555146649247, 0.5067573747285593, 1, 2
0.5153943351125219, 0.4133965029506556, 0.15794428348836823, 5, 2
0.22717821999327587, 0.32083420553751213, 0.4361178710227962, 7, 2
0.30385939348574714, 0.13801106981478856, 0.26950466812390333, 3, 2
0.3301678961264759, 0.4421554746000772, 0.3650685715107254, 2, 2
0.35425893620590276, 0.18652712273879354, 0.230570062819694, 8, 2
0.08615701577322543, 0.1195500139347015, 0.48985869080376104, 1, 2
0.48691292388216084, 0.36249152907533494, 0.1704401906437446, 4, 2
0.24830621240101058, 0.39450955932756876, 0.44749577696622167, 1, 2
0.42583481303069787, 0.49914582980004973, 0.29047989528029744, 4, 2
0.2822944919339073, 0.3423849048514159, 0.3897348922348599, 7, 2
0.34467259839497805, 0.3820677146406276, 0.32701542827986535, 12, 2
0.09873218251163904, 0.255278773407149, 0.5368363232797476, 2, 2
0.5282141400822323, 0.23634503310003852, 0.06721675337880056, 1, 2
0.27387104038731463, 0.2123499569218379, 0.3352836562513477, 7, 2
0.27688918569544846, 0.22665151243643375, 0.32694113988578893, 4, 2
0.3010534414774058, 0.49627760401586224, 0.4332268339311536, 4, 2
0.5446600197660418, 0.6052206766802346, 0.21508043024222334, 1, 2
0.27329610703021734, 0.3218078170006779, 0.37823412056140937, 15, 2
0.30559216294454894, 0.173771265319663, 0.27406470271107775, 3, 2
0.3367019157206906, 0.20433488522873264, 0.2619699536314154, 4, 2
0.4250249771832036, 0.3298165843438831, 0.2218558468529918, 11, 2
0.4618301897101548, 0.4785627589434178, 0.2537913496668868, 2, 2
0.18250497086565454, 0.1414248659585463, 0.39588621809138225, 2, 2
0.17457211635381925, 0.23177956518388054, 0.44708119754942294, 6, 2
0.16926032602957072, 0.4196241552567407, 0.5304377589650274, 2, 2
0.21984046006588925, 0.16308403401697982, 0.3608690846450841, 2, 2
0.3404119658242069, 0.487540611225678, 0.38746114766787837, 3, 2
0.48244673411530986, 0.39255650347303234, 0.189525202745306, 5, 2
0.30612221239919, 0.3432368787234581, 0.3506273699705606, 8, 2
0.3629886865538141, 0.49911139610590494, 0.3655470538467892, 2, 2
0.2268031154634386, 0.40685594086193944, 0.468980836164725, 9, 2
0.33423619894689494, 0.2569942622759401, 0.27888955653975406, 8, 2
0.2492900342822796, 0.2824401676136199, 0.3892113329169802, 4, 2
0.47015364329119813, 0.5662646873936409, 0.27499721635450647, 4, 2
0.3140044244524294, 0.22280158194266686, 0.289997667660444, 7, 2
0.22441274152481733, 0.38618006579745495, 0.45112424407868956, 2, 2
0.2875057934542129, 0.33179493313454933, 0.36597920414488067, 4, 2
0.4801498618040103, 0.4518346184267975, 0.21591462521976423, 3, 2
0.355639365026624, 0.26487221259725247, 0.26543437620726673, 7, 2
0.29308079945383925, 0.44276289712854255, 0.4155975147039047, 6, 2
0.3232444993599572, 0.4077480239529368, 0.36074983763389756, 8, 2
0.20754512360793412, 0.2575005334009415, 0.42094386052652977, 9, 2
0.27693331014134337, 0.4434291722813354, 0.43294716830912733, 4, 2
0.2365642453124311, 0.20274300263869752, 0.36750000167889707, 5, 2
0.3120224632866205, 0.19042607527995747, 0.28066283072225645, 5, 2
0.18936668645091873, 0.2725365901512169, 0.4423373406664245, 5, 2
0.28815271857287833, 0.35615697683563785, 0.3799171604703992, 8, 2
0.5620807168142614, 0.35164190716925847, 0.09296771188460407, 1, 2
0.2529562154995407, 0.017517541366956046, 0.2603269562659623, 1, 2
0.2698172680926359, 0.1520339319884184, 0.2995726404941237, 4, 2
0.1736875579706938, 0.26973331467453643, 0.46729611395202514, 4, 2
0.4156943184119323, 0.39087847239433, 0.25571328530669235, 6, 2
0.16098782314160856, 0.31454686689263345, 0.5029962557869219, 2, 2
0.2614295109820644, 0.34806068548237973, 0.40844685567394234, 8, 2
0.29384783042303364, 0.3181821203315109, 0.3519259922995815, 13, 2
0.2588553847192069, 0.2608597723846067, 0.3633958511080663, 11, 2
0.3144052625821071, 0.28621857831295716, 0.31308313077803196, 6, 2
0.23991548309683802, 0.2958389122796508, 0.40416463552162113, 5, 2
0.4578028208082075, 0.3754490841537659, 0.20881032405450495, 8, 2
0.4322001230922519, 0.3141275764245628, 0.2028401028380062, 2, 2
0.44263968174463686, 0.43644927463003014, 0.24525225598399006, 2, 2
0.3411567780290765, 0.33351292776063146, 0.3078270340330267, 11, 2
0.17046066777637914, 0.365662922989499, 0.504461268212183, 1, 2
0.18824057630150678, 0.1105808919559367, 0.37762176866108577, 2, 2
0.09825458750403651, 0.3274392525372657, 0.5595873239485079, 2, 2
0.2920375231032031, 0.1240163472273483, 0.26874629088660945, 3, 2
0.26770850546482433, 0.24062362654089967, 0.36145734823370895, 4, 2
0.5031091439992217, 0.4903285290781339, 0.21343571585541898, 2, 2
0.2578379078821925, 0.38951204453646554, 0.42852530698825203, 7, 2
0.36242079784433046, 0.2335487889188735, 0.24567719070234537, 5, 2
0.13271296353651746, 0.26738604901072044, 0.5029023078634779, 3, 2
0.51485726442704, 0.5200716239752188, 0.19651698326256573, 2, 2
0.38467406462697973, 0.360120319616757, 0.2749940000991209, 10, 2
0.4638862115265303, 0.4609092085579733, 0.23725659551161551, 3, 2
0.16017242684132602, 0.277517525398194, 0.4853119569507456, 3, 2
0.40451960123865094, 0.24498693858608775, 0.21794686637003033, 4, 2
0.10462337105703516, 0.18698313959482737, 0.5029539330558097, 2, 2
0.14605866682779786, 0.2033144688938726, 0.4618536602436829, 6, 2
0.3599751805369274, 0.36079195944164705, 0.30388814606432335, 11, 2
0.4219769822939733, 0.42382540980988836, 0.2735644295122788, 7, 2
0.30768774748690225, 0.516314901401835, 0.4248626139389044, 2, 2
0.5914660644462552, 0.4238865702676714, 0.07798809116875527, 1, 2
0.40418268800584983, 0.1560684718862809, 0.16028511573033746, 2, 2
0.2110237135570264, 0.2133958596222577, 0.3923105411572247, 6, 2
0.2635764494581093, 0.19970165426106426, 0.3398010438994928, 6, 2
0.207065894624994, 0.3769999025622554, 0.47562576557088393, 3, 2
0.43344500800880703, 0.349876336571372, 0.21504424401910321, 12, 2
0.38407630412211813, 0.4359912991778598, 0.3126468889089093, 7, 2
0.3486836235227979, 0.5209110339314728, 0.38839030181587814, 3, 2
0.2171187610129147, 0.22953773070864553, 0.3968936131176401, 6, 2
0.43482946795684413, 0.15374995391171817, 0.13642313701997943, 2, 2
0.37953525960615997, 0.2086785990118738, 0.21993216343616712, 7, 2
0.3883410533294019, 0.3101552953676017, 0.2511331026921359, 8, 2
0.20298107891457273, 0.49489180181305836, 0.5312791066680765, 1, 2
0.2048201241786379, 0.3117721782318862, 0.4471619739506535, 3, 2
0.46195450258209697, 0.31433541831957357, 0.17640364082368817, 3, 2
0.37644818124955104, 0.33124693921652104, 0.27635745080511187, 10, 2
0.16404515717313692, 0.36382024772647636, 0.523430872750612, 4, 2
0.25446326147775944, 0.3729212407337733, 0.4200627969907153, 9, 2
0.36364820173488427, 0.38577684264611717, 0.315080100487099, 8, 2
0.2206054328155801, 0.30497382619667707, 0.4213261570714184, 7, 2
0.3084107088206411, 0.29714888649813637, 0.32661510488883916, 10, 2
0.1987717291414008, 0.20907257266061063, 0.4133128911065997, 7, 2
0.25961261340352376, 0.13510556196806914, 0.31575138523009516, 3, 2
0.3637043487204067, 0.29564553217416456, 0.27692844859938154, 6, 2
0.28389450326169074, 0.15865116797109025, 0.29403075980729637, 1, 2
0.40327717935217533, 0.5240897805456394, 0.33629740659970137, 4, 2
0.1798953196849594, 0.2588643171037749, 0.44676644069499016, 7, 2
0.33046052568435624, 0.5798656648426204, 0.4362473847879704, 1, 2
0.31603361451753176, 0.5434932658123175, 0.4355562805484947, 2, 2
0.27152734529178235, 0.2514552137089819, 0.34733632441451673, 9, 2
0.4987773765775051, 0.3383041622423608, 0.15192812399925565, 2, 2
0.35129820609368867, 0.32996678316046674, 0.2876604105829422, 6, 2
0.46227934410400684, 0.42459098370747994, 0.22030637059602115, 8, 2
0.24860173104982516, 0.20849932417371503, 0.3512169509278355, 5, 2
0.4415190726494348, 0.41905863341837696, 0.23313444011798498, 3, 2
0.28244719442042415, 0.17644199421085363, 0.3083030320493315, 3, 2
0.5275570152888064, 0.29650420499464086, 0.0993393080363988, 4, 2
0.22824954175211581, 0.34754396866656206, 0.436860752159345, 4, 2
0.4354120844887477, 0.2278774021702243, 0.1589973659398353, 1, 2
0.44979137765035937, 0.5655878977377766, 0.30028363347165854, 1, 2
0.2512467015019868, 0.10744109113123178, 0.3066657011357933, 2, 2
0.2842895402200103, 0.1993934831040063, 0.3159063531728144, 4, 2
0.10940724783344286, 0.37082977644809373, 0.5830764487103013, 1, 2
0.4667567323024821, 0.22996048645424566, 0.12511200646710674, 1, 2
0.12264428901212499, 0.24401967139025274, 0.5069134202311351, 3, 2
0.20190168185818183, 0.10253593871031919, 0.3654506130103903, 3, 2
0.5007933696333347, 0.43415549713636564, 0.19105130925587385, 4, 2
0.33941935732027956, 0.42442197145908067, 0.35291430651851446, 8, 2
0.44347905760016276, 0.25397672377280567, 0.1650443938963593, 1, 2
0.3700898388732029, 0.2524005601105164, 0.24363514086469387, 3, 2
0.4219751245057987, 0.4619209592534402, 0.283855096058815, 3, 2
0.1441532569947292, 0.3395307572507684, 0.5243835917945248, 4, 2
0.08654639706418965, 0.23606279386054796, 0.5458668446033709, 1, 2
0.29898804095161396, 0.1828603139977811, 0.2939304267587357, 3, 2
0.5035125790117041, 0.47501160294361394, 0.18830637384517937, 2, 2
0.19472294087610448, 0.2468463491039603, 0.4254588784326008, 5, 2
0.4885643679652757, 0.6074869079703256, 0.2809599322998474, 1, 2
0.41590394070558834, 0.5377080431399983, 0.3155896335710463, 2, 2
0.5215277963999424, 0.3802217494821551, 0.14201095292981045, 3, 2
0.21272659652903778, 0.13372388097525284, 0.35860429326441695, 2, 2
0.38701958760464433, 0.4903321757219022, 0.3364713989174971, 1, 2
0.4286282561347508, 0.4132738452490137, 0.2528825358509954, 5, 2
0.2902965494842615, 0.5302721290226762, 0.4536836162792342, 1, 2
0.3303464607832537, 0.4606378773784968, 0.3787525527436194, 3, 2
0.1674021634599152, 0.0, 0.36001121617041276, 1, 2
0.432005316293135, 0.36901495924706657, 0.22573293064722114, 4, 2
0.3780255300370262, 0.29490479222866733, 0.24940648506929256, 4, 2
0.22461327102483125, 0.25290288754753604, 0.4017330730969567, 5, 2
0.21795219611237793, 0.29412164056795376, 0.4096529480300775, 2, 2
0.2331880627564008, 0.37259461045354064, 0.4392229469068907, 7, 2
0.3104420224578107, 0.26468299618318863, 0.30915190092798694, 7, 2
0.2134121862106365, 0.4454728036753134, 0.4967918651296248, 1, 2
0.2743909902980627, 0.3669773398803861, 0.39732351496606333, 6, 2
0.3852590288002111, 0.13371946947189095, 0.1695105618138485, 1, 2
0.421078849183972, 0.37564760005649483, 0.2489608100859467, 3, 2
0.18481840065530372, 0.07122680264057149, 0.3680977214740595, 2, 2
0.5721358812090802, 0.4889643063376348, 0.13517048213845878, 3, 2
0.3236477209130596, 0.34281389209831603, 0.33766270056566017, 4, 2
0.3047205328276936, 0.4126826159134543, 0.3793197920449492, 4, 2
0.3810036462368971, 0.2559597068275842, 0.23051834238588842, 6, 2
0.41484588278944323, 0.44722152541019, 0.28050954722920046, 4, 2
0.3900009609058052, 0.4160452186791428, 0.29558900603010624, 8, 2
0.1280022596565909, 0.09762213084745489, 0.440996255240454, 2, 2
0.5463015711701413, 0.5128309698358128, 0.17200702017287706, 2, 2
0.18477800984066847, 0.4091696858651227, 0.5145726502877216, 2, 2
0.3279900273561708, 0.4245235884803772, 0.3713274664463724, 4, 2
0.1843045544199971, 0.1237308860943887, 0.38889411556382136, 1, 2
0.2904448669221532, 0.5111743783127178, 0.4412359267940985, 1, 2
0.21859864151237157, 0.49911433148717727, 0.52110747142862, 1, 2
0.2992494044001949, 0.302850696007001, 0.3403392811016648, 7, 2
0.3589773191883495, 0.46835875655045267, 0.3585765475643984, 1, 2
0.3743681977918526, 0.30394259304819327, 0.26310579034893805, 5, 2
0.35835027525520147, 0.44740099517001575, 0.34140620283376505, 3, 2
0.16923861080611577, 0.2925817334636432, 0.4850888677233987, 1, 2
0.45665937944986246, 0.4472045439089659, 0.2422953137691379, 1, 2
0.09622893917700825, 0.16044645152646764, 0.49971458595569046, 1, 2
0.3161386724372089, 0.24202982947100343, 0.30364257613417867, 5, 2
0.3968051177669499, 0.29320379230877036, 0.23935441209776945, 6, 2
0.3919243986758586, 0.48459757666656705, 0.3185739192171058, 3, 2
0.44353616941395585, 0.38920594677755693, 0.22439013243609288, 5, 2
0.21316711270183436, 0.2973985874292468, 0.43694561839685936, 4, 2
0.11560891816551022, 0.2822199732121964, 0.5420736637129969, 1, 2
0.18613440969765538, 0.0029187477332555667, 0.3275011471683531, 1, 2
0.34725213603126365, 0.3972912984685426, 0.33595846273029084, 5, 2
0.15748785866871406, 0.07357298057322564, 0.3920896112958018, 1, 2
0.35181586768858863, 0.48703626306060777, 0.36978708425805257, 2, 2
0.14725741974651702, 0.06792174038718768, 0.4088860409495294, 1, 2
0.40437257202995713, 0.44432904361405673, 0.29421133811962735, 2, 2
0.28547847266474946, 0.37198575423886115, 0.384279638284298, 5, 2
0.12260999623904519, 0.21607850458625552, 0.4879143177442984, 3, 2
0.4035319172786146, 0.26531021914572944, 0.21639351538089063, 3, 2
0.20190878926719785, 0.0576373048721287, 0.33562274114854584, 1, 2
0.4283359161747723, 0.5351151824623142, 0.3043535724557099, 1, 2
0.42352556546840675, 0.49914114717370234, 0.3067466997527065, 2, 2
0.27042150813203103, 0.1850562246408987, 0.32165787680736724, 4, 2
0.5312200009241471, 0.4258196034918575, 0.1565000740874012, 2, 2
0.2549329119326686, 0.30310989397573396, 0.3939815495187425, 5, 2
0.1669418422181362, 0.20296834989210513, 0.448952060849277, 5, 2
0.13488385509789858, 0.23781615667281358, 0.49851307625861735, 1, 2
0.10741273087481461, 0.12998447449461514, 0.4732940418230137, 2, 2
0.37254357337883903, 0.3117419701334097, 0.2796216878483737, 7, 2
0.4427928506951907, 0.586017320002213, 0.31383060700635573, 2, 2
0.24052565323085073, 0.3300459338652201, 0.42677433161736866, 3, 2
0.24480346853978044, 0.3455101320459795, 0.4137064890926649, 1, 2
0.46488222281042635, 0.297403364670226, 0.1632775369308315, 3, 2
0.4359451828919791, 0.24442353279263568, 0.17630657874757802, 4, 2
0.16585713506217398, 0.048346584093012235, 0.3699932600537388, 1, 2
0.09553092051135276, 0.22800929369152578, 0.5261278110006962, 2, 2
0.26345270671679405, 0.5369372003367863, 0.48955421179186703, 1, 2
0.1590135791650098, 0.1604685925799858, 0.44200201906374914, 2, 2
0.4751513587410911, 0.5520032056016098, 0.2618801052220331, 3, 2
0.2957890871757363, 0.23442153724766007, 0.3213143629341833, 6, 2
0.3551127664534248, 0.6066299025350049, 0.42638001128810954, 1, 2
0.4454678509428548, 0.46308217854344946, 0.2628219193391406, 5, 2
0.24079755584648016, 0.521653079661074, 0.5161711636705574, 1, 2
0.16992628541402516, 0.1751947718803915, 0.4285591044558972, 1, 2
0.03938095484622234, 0.18484100224534028, 0.5606581987615213, 1, 2
0.4228697003251059, 0.271063310061768, 0.1977243776098003, 4, 2
0.21681878796516488, 0.2771715884122797, 0.41698769478566144, 4, 2
0.5348022435881814, 0.5041509692398406, 0.18443664164413848, 1, 2
0.12160227687754807, 0.3426740750591849, 0.5520530620867966, 3, 2
0.5490808892753297, 0.3229488437074528, 0.07154948760914831, 1, 2
0.2695205741984903, 0.12061910795778374, 0.28757101846032995, 1, 2
0.24597337865091257, 0.22474005780086218, 0.3646942918423683, 4, 2
0.18633934049795564, 0.2181479592052915, 0.4255915684222447, 2, 2
0.25228494224462883, 0.17840879686932373, 0.34891651026386916, 1, 2
0.5023612137473187, 0.3198076460559427, 0.13105162173408924, 1, 2
0.26754449761266824, 0.2774339566450107, 0.3682032588878158, 7, 2
0.45513022464533187, 0.3417779742999519, 0.1955866012610447, 3, 2
0.24260478580587155, 0.24716134701607395, 0.38524623809652403, 4, 2
0.38133768926118944, 0.1755775781114485, 0.2004800353714416, 3, 2
0.24519850504431104, 0.09174374398689039, 0.30629000549706675, 1, 2
0.12110046005378161, 0.3205382009769442, 0.5381149796895216, 1, 2
0.1305639708653653, 0.05955112511209004, 0.4181957395654461, 1, 2
0.5094486192631814, 0.5953345661282338, 0.2480914613265503, 1, 2
0.3317962244551951, 0.3964177567265022, 0.3454521522645599, 6, 2
0.4039468221777541, 0.08312950989333856, 0.1359531864911988, 1, 2
0.1785020267318077, 0.3293368576491656, 0.496905820270598, 3, 2
0.4085345620023566, 0.48182655404381125, 0.3134623554002687, 2, 2
0.4064409295743417, 0.35284549456449554, 0.24243415429504708, 3, 2
0.2733073722805568, 0.4289116083998058, 0.42502038602069897, 3, 2
0.43119189471627517, 0.29389783403324155, 0.20447121644437635, 3, 2
0.22171210403323477, 0.4189606297773682, 0.48703718136258456, 2, 2
0.23040822298606967, 0.6853969918723868, 0.5944168384258595, 1, 2
0.31806390466978424, 0.45596619842123975, 0.3987039486482908, 2, 2
0.14934688856290404, 0.23679864683481905, 0.4775572788080313, 4, 2
0.19060980219291687, 0.19788550122395684, 0.4239640565822366, 2, 2
0.48231035482447054, 0.3255215310061306, 0.15663255665171946, 2, 2
0.34678256360745635, 0.23095214965601074, 0.26729482203385424, 6, 2
0.3726814769138235, 0.40324467202366354, 0.3127745508549624, 3, 2
0.567561083133446, 0.5268469397802207, 0.15104470444996715, 1, 2
0.1422836297864467, 0.29031224432847, 0.5020874042019174, 3, 2
0.07886833281986833, 0.26026717029477875, 0.5591416768518944, 1, 2
0.40723289870864904, 0.6022134711360134, 0.36835648628151374, 1, 2
0.3996552087636389, 0.207156193336046, 0.1984353153691471, 1, 2
0.40796184896245613, 0.12234607932256963, 0.13845962037771092, 1, 2
0.4093169522723256, 0.40866750398084883, 0.26689819346342664, 6, 2
0.21677540097671902, 0.47853051767108495, 0.5177040459057535, 2, 2
0.0, 0.12592232982584867, 0.5821898152773436, 1, 2
0.40108924962467535, 0.4032067991343618, 0.2847167606969855, 4, 2
0.10682981958702452, 0.24259896968486747, 0.5257646110751472, 2, 2
0.30277239677960605, 0.35370656875277146, 0.363212376900015, 4, 2
0.24383248166818033, 0.19178047213097968, 0.35737308134389834, 4, 2
0.133536596115326, 0.14435219780786002, 0.45133851426001026, 1, 2
0.1880487489492159, 0.17875240464557923, 0.4022624757778611, 3, 2
0.47391353951856047, 0.4154419829147137, 0.2056190340173285, 3, 2
0.3515524020139069, 0.15408447597190186, 0.2137265018336637, 4, 2
0.2834721840486025, 0.474221938968708, 0.4462493441160087, 1, 2
0.36021979460314935, 0.42957251051314865, 0.34255685709418443, 2, 2
0.31677070240422117, 0.47610813529172197, 0.39858703665683026, 2, 2
0.17074753449565774, 0.1960031781131349, 0.4345065647895818, 3, 2
0.38893997860084506, 0.5080226253810289, 0.3338177668034553, 2, 2
0.34866577354879363, 0.19837560795947878, 0.24135425388214873, 2, 2
0.493986438442223, 0.21048454760389185, 0.09471230467548802, 1, 2
0.1712580080374853, 0.39220484250914406, 0.510679422633353, 4, 2
0.3769415644502853, 0.5104660115504711, 0.3448348346997107, 3, 2
0.5902412692974828, 0.444671854356362, 0.08570113989827882, 1, 2
0.27204281623801285, 0.4582085993407696, 0.4510677303726993, 3, 2
0.24355992788785297, 0.14987672083830691, 0.34100756899526913, 1, 2
0.339621176227518, 0.5668689863405444, 0.42393291112025844, 1, 2
0.21704292389564905, 0.18028391225553533, 0.38329677100888393, 4, 2
0.390254598064239, 0.3897454623384956, 0.282544395843042, 4, 2
0.4103188825099844, 0.5193586575501203, 0.32106035003424216, 1, 2
0.27065555046392753, 0.16405976390730526, 0.3242492203632398, 3, 2
0.5250898784404625, 0.253029887087472, 0.06691828093485513, 1, 2
0.43303209026724465, 0.28189641617541694, 0.18505315053317112, 3, 2
0.29711693162058345, 0.34334530854723316, 0.37510008133124045, 2, 2
0.5419257962947278, 0.41133600767681233, 0.13527551866214366, 2, 2
0.3862494876306115, 0.547759746600589, 0.3525747056564651, 1, 2
0.1368133867694749, 0.4021373061072446, 0.5597133669597019, 2, 2
0.5737420404138411, 0.5759806180687107, 0.16615983210497748, 1, 2
0.36608418053312763, 0.197322758639787, 0.23488843764899148, 1, 2
0.34795936874261274, 0.29950591208104643, 0.294491323945628, 2, 2
0.2036133970109528, 0.13535993887178735, 0.3747877883684068, 2, 2
0.21566932926857757, 0.35273577842919845, 0.4561081644968522, 2, 2
0.48706519384006114, 0.2745146957602889, 0.13834862681839644, 1, 2
0.39898612250051235, 0.4321041737444323, 0.30388191532849795, 2, 2
0.3022103599524722, 0.4776457811548647, 0.41438798499192303, 3, 2
0.25704607075005936, 0.32908805432574284, 0.40681200040635956, 3, 2
0.22757480806893476, 0.1253503133219805, 0.3460974972088688, 3, 2
0.13876748939336564, 0.21983861267692023, 0.4752030902801701, 3, 2
0.38574159787213413, 0.4700092355684486, 0.32680380037916157, 2, 2
0.32188721486894584, 0.5298775437656298, 0.42594473192168597, 2, 2
0.3202441161350822, 0.11991353259168602, 0.2410706007544019, 1, 2
0.36913442660657153, 0.565987251444192, 0.3824829534391593, 2, 2
0.266382585063072, 0.07052792581466527, 0.2766469999991349, 1, 2
0.32418539803151997, 0.20570373948548396, 0.2768141176962583, 2, 2
0.010668683451996517, 0.08986392678580071, 0.5546423464415554, 2, 2
0.1635499841799583, 0.2222374431246493, 0.45876891040879925, 5, 2
0.5507251562776027, 0.40741705380331544, 0.11949480179508827, 2, 2
0.19058952797334566, 0.15942148175377524, 0.3991429122792392, 3, 2
0.2934618588465354, 0.425269619576426, 0.41293316292731097, 4, 2
0.35653946625958544, 0.109343045343262, 0.19592183422601683, 1, 2
0.20644379722674722, 0.3497491713312267, 0.47585314577008553, 3, 2
0.37268774595063486, 0.13144078924732144, 0.18435984625242458, 1, 2
0.39515300612627446, 0.367996977626804, 0.2610172593207369, 6, 2
0.3228215904593385, 0.3554183083431042, 0.34953321023670353, 4, 2
0.3281842740460378, 0.27375337314543424, 0.30571885189899456, 5, 2
0.4847489680732142, 0.3829353302864462, 0.17661769193170096, 2, 2
0.06569808384746495, 0.23100203236741967, 0.5580814452228515, 1, 2
0.26760225720396325, 0.5901101743640604, 0.5079803875924187, 1, 2
0.19303889958465137, 0.040580634858865094, 0.3412938763398507, 1, 2
0.515837409567193, 0.49939859875047476, 0.20656634664668214, 2, 2
0.48507700508843044, 0.42741685085510545, 0.18965911644606287, 1, 2
0.23494228594002367, 0.4353961059730925, 0.478002950409504, 4, 2
0.36271006783897286, 0.15979720846608989, 0.2014392533653886, 1, 2
0.2337538404942972, 0.0993890142323231, 0.32224549979517053, 1, 2
0.12320956067172596, 0.2664647986388771, 0.5163011947942747, 3, 2
0.176502207409934, 0.1583943082321178, 0.4110961212518678, 1, 2
0.5637919472181034, 0.3185992862839928, 0.0656510635527991, 1, 2
0.11559309177120308, 0.175828539013335, 0.49149376623010943, 1, 2
0.325079583547064, 0.510718167666951, 0.4127242711315534, 1, 2
0.44700948080829345, 0.2867697344927577, 0.17475430833549538, 1, 2
0.24299565422146815, 0.16314089796150832, 0.3509628117960919, 1, 2
0.10673153261027069, 0.3951884005675118, 0.5969638537061178, 1, 2
0.4435044836014641, 0.5177273816349904, 0.2960679408238437, 2, 2
0.27886033930329074, 0.3171420553573906, 0.36122407133417084, 1, 2
0.384282972061686, 0.45247101974908693, 0.3259848967124184, 1, 2
0.48393130497805564, 0.4892320744822888, 0.2261202384301252, 1, 2
0.32353141210171454, 0.44382056985188045, 0.3864032433189752, 2, 2
0.49360457709201, 0.23708949479785724, 0.10222052973401341, 1, 2
0.4096960863258825, 0.25624454364187765, 0.20284277101997608, 1, 2
0.07781622707056257, 0.19386456202910385, 0.530554253541573, 3, 2
0.31449461548047375, 0.62780624825335, 0.4797691564521067, 1, 2
0.44742357797501836, 0.36488206392185946, 0.21536921669297737, 1, 2
0.402103358334752, 0.18372143303142902, 0.17571833273654652, 2, 2
0.22352753982215945, 0.4756423251595682, 0.4976389683295986, 1, 2
0.18072722052706788, 0.18602279111189585, 0.42056586484318254, 1, 2
0.09421667554719093, 0.10922815688377246, 0.476343637794004, 1, 2
0.13439605239500918, 0.18767078328584227, 0.46567829584964276, 2, 2
0.02797339035968399, 0.2811041605496023, 0.6342579650146368, 1, 2
0.39841604311320133, 0.46314195056290713, 0.30545380470351813, 4, 2
0.16624132405272046, 0.25064914435109337, 0.46741133264694673, 1, 2
0.5465225225223486, 0.7007603077592114, 0.2652918606957291, 1, 2
0.28829891920689166, 0.5437887719797653, 0.46368930113432993, 1, 2
0.13323970589510617, 0.12309041716909974, 0.44328553806018567, 2, 2
0.26254592838563806, 0.11825022899040794, 0.31412574802709914, 1, 2
0.49900538349144924, 0.5083290004256834, 0.22485072819429408, 1, 2
0.2258101043321153, 0.2088549232897227, 0.38716319825597906, 2, 2
0.5405230991723367, 0.4602821508586783, 0.1641644858175778, 2, 2
0.3219296358099043, 0.07913866614299231, 0.22616492620317158, 1, 2
0.605053880971938, 0.506496687796843, 0.10017649761212177, 1, 2
0.6278072829722297, 0.4451319394016419, 0.05257231605005047, 1, 2
0.45826037809380515, 0.5055730418785817, 0.2710848354909856, 2, 2
0.33138647726215936, 0.1761218269287483, 0.25797821273050886, 4, 2
0.3519306110578361, 0.5441138061341244, 0.394415090889324, 2, 2
0.45346845463623775, 0.20605776819311195, 0.14003249445971794, 1, 2
0.12459032481708376, 0.22790860250886857, 0.509813633967765, 1, 2
0.244638302229084, 0.13267529482112153, 0.32328306416662284, 3, 2
0.6136524107022707, 0.3980290217053225, 0.0550639021220648, 1, 2
0.5622144836051666, 0.18111559708624764, 0.0, 1, 2
0.32572790388049055, 0.24362850629790056, 0.286319286658932, 1, 2
0.3480577524647678, 0.41090353253996, 0.3579221146719155, 1, 2
0.202006860118421, 0.19896171674783714, 0.39673708415194964, 1, 2
0.44208110329604045, 0.5055477847177737, 0.28387363587851505, 1, 2
0.14702138268890114, 0.353746042675271, 0.5339281562440484, 1, 2
0.15398174837336226, 0.17710331795423656, 0.443093094423243, 2, 2
0.31744934237519423, 0.3924163913964979, 0.36505821498989516, 1, 2
0.36992783755480274, 0.3749749859483567, 0.30003857539049056, 1, 2
0.17505763528694968, 0.46045883521208153, 0.546617247572171, 1, 2
0.24009898907908128, 0.4798901388185649, 0.4919915002949858, 1, 2
0.41112287415350657, 0.47740883696720515, 0.29002648865446384, 1, 2
0.1855553743600003, 0.23266326588411132, 0.4353426229063667, 1, 2
0.37753372810833985, 0.40200933327641797, 0.2971069376792052, 2, 2
0.25938374458370583, 0.46370463749525587, 0.46978936040962327, 1, 2
0.4283820945768921, 0.5747713764341372, 0.32468833241886547, 1, 2
0.22774796385222262, 0.07321515303507203, 0.3130300110672055, 1, 2
0.07208534190219484, 0.27659276541308586, 0.580502810632034, 1, 2
0.612961047986752, 0.36237544488063955, 0.027539523324418447, 1, 2
0.4812851206908493, 0.46766241906845607, 0.220725777089971, 2, 2
0.2756900520211575, 0.05876218789457211, 0.25802015626392333, 2, 2
0.4160342588292157, 0.27854728426295305, 0.21279206258726835, 1, 2
0.4058832905221893, 0.4981537392880872, 0.31477713465963886, 1, 2
0.1885034050588706, 0.33898225543163746, 0.4808668329991221, 1, 2
0.3882310919592118, 0.5309408075005523, 0.35571499931615524, 1, 2
0.5409883610773683, 0.4922125005505833, 0.161740448657071, 1, 2
0.0568902878661145, 0.18742295266848724, 0.559372345846388, 1, 2
0.3670576976845496, 0.28842617165703976, 0.2623236350446093, 1, 2
0.48412720042467716, 0.22506999726084448, 0.11009887410918029, 1, 2
0.2563814821940305, 0.1808705834119469, 0.3320811511556242, 1, 2
0.5198501435916838, 0.3271083855936967, 0.11331435400027012, 1, 2
0.41730147540570095, 0.5567140795098534, 0.34184667490965404, 1, 2
0.3293421848211926, 0.4918740554710085, 0.40447666657487275, 1, 2
0.280835765672309, 0.40978275794124397, 0.41258305344856994, 2, 2
0.5354526771949897, 0.4452524414929878, 0.15424462867253935, 1, 2
0.4628227574587155, 0.27463165057080907, 0.14568065459571214, 2, 2
0.13754952829648992, 0.07805305160530845, 0.41993982000701346, 1, 2
0.43545717411336526, 0.20943773838802643, 0.164794094156148, 2, 2
0.5629279121040813, 0.36894429151104463, 0.0814609308489524, 1, 2
0.12998974605544056, 0.2899627560426171, 0.5251796509426148, 1, 2
0.4854357159465414, 0.3481888775513131, 0.16094323959748613, 1, 2
0.43707615420038787, 0.550150491080204, 0.2994586855350104, 1, 2
0.10988523096405117, 0.33527537888093967, 0.5713431993494944, 1, 2
0.18047779453579865, 0.2843934518023638, 0.4586262717115297, 1, 2
0.1590879152460204, 0.34031516309368215, 0.5139987998935772, 1, 2
0.14427791920717054, 0.1677822289601476, 0.4573158687043029, 1, 2
0.15362370427749672, 0.08946086204530135, 0.4120040275807934, 1, 2
0.2867919540907637, 0.027726720593483134, 0.2357144785565346, 1, 2
0.5847994850107763, 0.33583812073049757, 0.048280300746843585, 1, 2
0.5082499708510406, 0.36536273920395795, 0.14079925596168083, 1, 2
0.20200565721887961, 0.078800938355275, 0.3461405574280331, 2, 2
0.3096490548736762, 0.11998513427477586, 0.25322195491234273, 1, 2
0.34193876811406376, 0.5010913633980844, 0.3788201946726916, 1, 2
0.22040074763520517, 0.3856438921486184, 0.4668318013652996, 1, 2
0.49008423389728833, 0.4337360688482315, 0.20438664913275512, 1, 2
0.47045603266570835, 0.34728923463619144, 0.1854018565097566, 1, 2
0.09795730293134103, 0.20553191591384873, 0.5119047583992771, 1, 2
0.415974431522082, 0.5776393856390666, 0.33809146322325284, 2, 2
0.22869608585582812, 0.10812236588395935, 0.33682279837341067, 1, 2
0.5627839815477144, 0.6211114705347587, 0.19819958115418773, 1, 2
0.19950769803755447, 0.25973682716153695, 0.4406554457676498, 1, 2
0.6035361043321911, 0.6369484542263004, 0.1637510472174749, 1, 2
0.5982571780804705, 0.4843620795308349, 0.1049103968422474, 1, 2
0.494353376322375, 0.2577176388572669, 0.11167989552850593, 1, 2
0.17603425545939055, 0.4034945578388589, 0.5287394572279098, 1, 2
0.34594846142156027, 0.2386130541448766, 0.25112397712284884, 1, 2
0.3291727077834484, 0.3181962322183355, 0.3226254155334253, 1, 2
0.7167560275410454, 0.6722345770788026, 0.6791111979411808, 11, 3
0.6839476367644435, 0.7616134092953446, 0.6639504570382377, 7, 3
0.7506005679104644, 0.5356880506897908, 0.7185526299487448, 5, 3
0.5861869273405061, 0.614197728572206, 0.7892722826787183, 7, 3
0.5870191846255828, 0.7044374880633106, 0.7511129514223388, 13, 3
0.6869596215249071, 0.6370262400132465, 0.7103125656788231, 4, 3
0.4703783345899356, 0.5896958627970068, 0.8550475622465676, 1, 3
0.7677993442054643, 0.7391315769489104, 0.6140297452004495, 2, 3
0.701223647110603, 0.6521655062147973, 0.7029668108512309, 9, 3
0.6493616369863018, 0.668983112223868, 0.7156908245923131, 6, 3
0.6986450782547967, 0.8841258076131107, 0.6009660081226553, 1, 3
0.7444469580673472, 0.6226540404181559, 0.6931938255301169, 7, 3
0.6402915402701946, 0.8328292810055671, 0.6626078801160848, 1, 3
0.5198671331978804, 0.7913659225789308, 0.7656290594300713, 3, 3
0.5382871306393625, 0.609713478040596, 0.8224900509892323, 3, 3
0.6173867919379997, 0.7244900449091688, 0.7219964356401367, 6, 3
0.8176142166531185, 0.681146644624333, 0.613879285415164, 3, 3
0.6684909202825897, 0.4374601045575263, 0.8047840145462861, 1, 3
0.871118959436191, 0.7017901504549725, 0.5774569186102031, 2, 3
0.6190564346473938, 0.6217677580158183, 0.7675123983457813, 3, 3
0.6318564666215929, 0.6265423587971689, 0.7524049380031571, 6, 3
0.6210293304905787, 0.7858191710524666, 0.6907527251581236, 5, 3
0.7629642179080905, 0.7197712282496439, 0.631922108633364, 5, 3
0.7943514729295669, 0.4256504868481162, 0.743179389351525, 3, 3
0.7779208098006652, 0.47883645186971074, 0.7363803684332076, 1, 3
0.5969403681485573, 0.7203735535738798, 0.7272678477038566, 4, 3
0.7382177104170271, 0.601985461194404, 0.7082672058197184, 5, 3
0.605833766482641, 0.6778426407321063, 0.7394885727509986, 8, 3
0.6582669342619966, 0.7739141805650599, 0.6617934375617097, 1, 3
0.7699845553139367, 0.5859312855920185, 0.6887419536046765, 4, 3
0.5286438374281659, 0.7090436217312116, 0.7865033833104119, 4, 3
0.6062325263506155, 0.624428157489156, 0.7730453170781401, 8, 3
0.6733092876492028, 0.6906692893864179, 0.7038153940296422, 11, 3
0.8282361291674849, 0.46907445102537937, 0.6994668057512559, 2, 3
0.5630373054670185, 0.7455856027805365, 0.7424195878470412, 9, 3
0.4369225477747966, 0.6884501736815678, 0.8396951710650031, 2, 3
0.698121254777851, 0.559990756178591, 0.737435090930371, 6, 3
0.5131858839939144, 0.6786766371120587, 0.7946970768968978, 1, 3
0.7386506721038473, 0.8060442841869855, 0.6061313504769854, 1, 3
0.42219501485927347, 0.7116801472747187, 0.84523535907232, 3, 3
0.6947190501785757, 0.7385001005350516, 0.6630226072880866, 7, 3
0.7107185525924397, 0.6788098783248481, 0.6939995114539562, 3, 3
0.5549565522994437, 0.7623060820144637, 0.7400096725980116, 8, 3
0.7044435697466872, 0.7683260715581166, 0.6488841833139066, 3, 3
0.7881289268381039, 0.6275742975368093, 0.6553149729472347, 4, 3
0.6406233267885943, 0.767582694646568, 0.6853255029608399, 8, 3
0.5987425250245059, 0.5982623106556199, 0.7819864695353378, 9, 3
0.7475778696178395, 0.5038429121252047, 0.751735054835412, 1, 3
0.5545646827317917, 0.7086380074722476, 0.7655740716440371, 7, 3
0.6736441432934428, 0.613294976640517, 0.7219184233292126, 3, 3
0.8681713790473643, 0.45300940651571353, 0.6833423337151278, 2, 3
0.5509911430041524, 0.5369899481147863, 0.853259202384773, 1, 3
0.34588534344825794, 0.6445155893065663, 0.9135360312386671, 1, 3
0.6647766625861816, 0.7080258629819357, 0.6975896349886821, 8, 3
0.843448954248406, 0.40502329377617674, 0.7209127263183362, 1, 3
0.6957450715037439, 0.5241928232371069, 0.76377449702955, 4, 3
0.6423377801551855, 0.7231585324655959, 0.7019865730767837, 10, 3
0.6088059348271776, 0.7423150560580244, 0.7208619759348239, 5, 3
0.8360113273032953, 0.49846791823492886, 0.6885385127176531, 1, 3
0.7868337481972058, 0.6670052133760707, 0.6517325383197358, 3, 3
0.5173084343618926, 0.6952394072124952, 0.7946736728621621, 8, 3
0.5262702577507853, 0.6782585537388454, 0.8038395671909242, 6, 3
0.6140453036362444, 0.5970386897079913, 0.7692188088101144, 3, 3
0.7795694861647078, 0.6813873050463286, 0.6404737674863911, 4, 3
0.6832008939982831, 0.5114747219764323, 0.778879530803136, 3, 3
0.5219103431262005, 0.7782013625412729, 0.7576984452101291, 8, 3
0.7957632955765507, 0.6046031992071996, 0.6648256075572284, 8, 3
0.5391989158001719, 0.5503219781184964, 0.8421156033767262, 3, 3
0.6750547217556994, 0.6612187974597388, 0.7124072473650216, 4, 3
0.6237765263676339, 0.5763646041691135, 0.7823949764121145, 5, 3
0.49947566804749227, 0.7564008058453164, 0.7770967763630787, 2, 3
0.6941577389861731, 0.6042758974157488, 0.7251837950539542, 5, 3
0.6461781404591409, 0.6590299772705503, 0.7327760502920232, 6, 3
0.7448046702144099, 0.7182814296630587, 0.6511578023224825, 3, 3
0.6978654834949857, 0.6960312812362349, 0.6760815699810111, 6, 3
0.712405151345977, 0.6958373446389664, 0.682906933119389, 6, 3
0.8218419528206131, 0.7024745092971079, 0.6089162320837949, 2, 3
0.6568649925547105, 0.7303526412603731, 0.685991765507665, 2, 3
0.5866554849325455, 0.6754081327093034, 0.7715779577088185, 4, 3
0.7104557552646324, 0.5641729477992055, 0.7412907734200231, 1, 3
0.6647965990525289, 0.7743008234753898, 0.676355810746166, 5, 3
0.5032518821346275, 0.7265439098809189, 0.7913486092690857, 8, 3
0.5991517388701915, 0.8295607687574832, 0.6821185129156734, 3, 3
0.5340022837934006, 0.7245105569409036, 0.7693429349169276, 10, 3
0.49087070082087153, 0.6475218502558939, 0.8179856854150996, 1, 3
0.5064802710732481, 0.8186819451848013, 0.7540724179457612, 1, 3
0.6499765195876632, 0.7468802403255481, 0.6937251419076291, 8, 3
0.7618284813651616, 0.656315212354627, 0.6700108506423165, 3, 3
0.46781461175356814, 0.672251235233959, 0.8286284548175351, 4, 3
0.740504265000709, 0.5840860243165813, 0.7052052190827359, 5, 3
0.47218156234430936, 0.7226429979961957, 0.8052548476846679, 5, 3
0.5838460620377148, 0.8228922532764639, 0.7018050026540624, 6, 3
0.7997660802522029, 0.6814461998560285, 0.6246174347995421, 5, 3
0.6991572806479849, 0.7143111123229029, 0.6868885218799745, 5, 3
0.7229803369880405, 0.8451890622218802, 0.6101239189130393, 3, 3
0.7695558644689287, 0.7010398371494984, 0.6414556984523069, 6, 3
0.5694014754342365, 0.6893952691778993, 0.7734399917880682, 4, 3
0.9390027526971737, 0.6386955307441138, 0.5641846423727167, 1, 3
0.5911345712473515, 0.6290892135470825, 0.7858022801613324, 10, 3
0.6752380134615894, 0.48020646694734165, 0.7986372503546115, 3, 3
0.7546758015772677, 0.6082746772261952, 0.6821921157299514, 6, 3
0.6317179770216942, 0.6703331830111258, 0.7363741488045259, 13, 3
0.5082230888449825, 0.7742696257895689, 0.7657647641493065, 2, 3
0.6676048989137, 0.5486788798246599, 0.7764772934857365, 3, 3
0.7826323974341532, 0.6471415243799679, 0.6523372517692047, 7, 3
0.6039697922540634, 0.6566374645998118, 0.7667378185704163, 5, 3
0.5882574436123612, 0.7204169795452557, 0.7481972508501409, 5, 3
0.6147351535303411, 0.549015245700536, 0.8031592277550773, 5, 3
0.770303469898236, 0.621901771305956, 0.6715900547541191, 10, 3
0.6303323562064171, 0.5423791876451259, 0.7911439314793244, 10, 3
0.7075185459527956, 0.5815319211909423, 0.7311171673841931, 6, 3
0.8073730553718654, 0.7140015235217354, 0.606286293391739, 2, 3
0.8135659666647944, 0.3888218917051202, 0.754839195045181, 1, 3
0.4445402514822351, 0.6726579724199369, 0.855246688512346, 4, 3
0.7714527327645286, 0.5011306014538025, 0.7192272593582593, 5, 3
0.6314379092661334, 0.7261417936496385, 0.7190227323197159, 4, 3
0.6746748889594703, 0.7181570675643106, 0.6813973680516221, 8, 3
0.40841097016610634, 0.8755006593928205, 0.7822174074739769, 1, 3
0.5668038122881867, 0.6329530747526135, 0.7970599527332944, 5, 3
0.7328263448475587, 0.7147908730351988, 0.6608809223551606, 3, 3
0.630176051822128, 0.4718394007095624, 0.820888355946539, 2, 3
0.8635788964169753, 0.6034364668134621, 0.6272512664728458, 2, 3
0.5929169108401455, 0.8035246211719194, 0.6983258911364738, 4, 3
0.3892041052355079, 0.6870494276873171, 0.8868529839643235, 2, 3
0.7095018153085917, 0.6220356349026194, 0.7040455141043085, 8, 3
0.7008818635749314, 0.6675457829743764, 0.6952113516997792, 8, 3
0.8880705402016451, 0.410045832356955, 0.6898187178121302, 1, 3
0.6725374651997895, 0.626289168989262, 0.7308737014161635, 9, 3
0.5998012439548427, 0.7484739996471165, 0.7327286244699571, 1, 3
0.7210151801627097, 0.6511301080031393, 0.6900575955201586, 9, 3
0.7410066868347239, 0.6856428264598466, 0.6709930441319404, 5, 3
0.9390515311104024, 0.6106416107999741, 0.5775247259135325, 1, 3
0.5504236725244622, 0.7442634742044442, 0.748442846415663, 2, 3
0.6488847792187016, 0.8581444127675332, 0.6439483456710093, 3, 3
0.4834428964397842, 0.647315674894727, 0.8440138005641904, 3, 3
0.5722125954051468, 0.7041350959689722, 0.7554119667946196, 6, 3
0.5382059389620766, 0.5023224732631068, 0.865306256946841, 1, 3
0.6253035622133497, 0.6937522536844966, 0.7273494017468364, 9, 3
0.6198347411357084, 0.5105375398899334, 0.8118374353711999, 1, 3
0.5499246876291615, 0.623488063361455, 0.815018473562528, 5, 3
0.8534965385829052, 0.5616784416388396, 0.650493482514688, 1, 3
0.8195715666369631, 0.65576406513116, 0.6230336900059981, 4, 3
0.5104623782301825, 0.5670452486693587, 0.8350707413661433, 1, 3
0.6870008751648838, 0.5501142681369289, 0.7627905364817048, 2, 3
0.9341206257963792, 0.7124409286246941, 0.5280922959176176, 1, 3
0.5956153199031808, 0.5550706054836542, 0.8187731323439195, 2, 3
0.6277129007345813, 0.7072793146258423, 0.7266780211083695, 10, 3
0.8563765178437979, 0.6604329808788845, 0.5925588193896729, 1, 3
0.44269994715380506, 0.7046534493977966, 0.8216745919463676, 1, 3
0.6062846705266388, 0.6423637236988683, 0.7686970388590083, 8, 3
0.6017268598513474, 0.5758172109126976, 0.7899759023035693, 4, 3
0.6044958124188763, 0.8865479675329572, 0.6476079989962154, 1, 3
0.7694434543202362, 0.5391511348581504, 0.7112942477501873, 1, 3
0.7317314609728124, 0.6202803071553822, 0.7017552778245655, 7, 3
0.752895267700902, 0.8236682698434972, 0.5928174474685508, 1, 3
0.6874364199555116, 0.3994472967863794, 0.8154521387893101, 1, 3
0.5750056767140092, 0.8577624169469013, 0.683400272699112, 1, 3
0.49267040963420783, 0.9165917976994722, 0.7195255336694246, 1, 3
0.5761049235718476, 0.704065471831691, 0.7330639013564808, 3, 3
0.6125203774423765, 0.5663266465679873, 0.7892443338786128, 3, 3
0.766977308177341, 0.5558882641533155, 0.7019272838539947, 5, 3
0.8097010096738417, 0.5999924748587199, 0.6477763377785121, 2, 3
0.6861531524613933, 0.6930589164273647, 0.694622041098835, 11, 3
0.7055250702841145, 0.8610569827614409, 0.6096738045845784, 1, 3
0.49972123532154766, 0.8369258315143108, 0.7474594666737391, 2, 3
0.6454069513048856, 0.6417022459945534, 0.752270096073811, 7, 3
0.6893537717102108, 0.6639665598056304, 0.7129320424676313, 7, 3
0.8521713941106037, 0.5874302947624744, 0.6426069805687215, 1, 3
0.4055822835168376, 0.7382040312996889, 0.8520457346324586, 2, 3
0.7053874385038531, 0.8105703257895274, 0.6285673420742879, 1, 3
0.7039828185358135, 0.8451868612938099, 0.6127446732119195, 3, 3
0.5338420261066622, 0.5644916679015093, 0.8456731638785523, 3, 3
0.6082613633834035, 0.7724722489441394, 0.7046270347486004, 9, 3
0.44678552248354225, 0.8506052960340893, 0.7740166319187011, 1, 3
0.48594308705341693, 0.7038562451442265, 0.811390019434118, 4, 3
0.5566762561219046, 0.7938180648984355, 0.7271665352441542, 6, 3
0.6045217847149122, 0.7016879435779273, 0.7429478173370759, 10, 3
0.63325894778887, 0.7775278596628403, 0.6969457943187921, 3, 3
0.34894999165407836, 0.692393924854521, 0.8907655454563728, 1, 3
0.3114981568691768, 0.8230523793097745, 0.870771683921907, 1, 3
0.7017579890717738, 0.6367343091519524, 0.7099098597405535, 8, 3
0.6785781453535098, 0.6041292065398186, 0.7324350009039505, 6, 3
0.7207958679996392, 0.606032533096449, 0.7081105580897888, 8, 3
0.6535294147546072, 0.6161393275917237, 0.7462194561871566, 9, 3
0.7390465200416289, 0.6988989252007292, 0.6535349192937493, 8, 3
0.6474863457013725, 0.7049489549386987, 0.6993900012133711, 3, 3
0.567819439542725, 0.5777251304734171, 0.8113480096111174, 2, 3
0.5723666807986522, 0.8550627210601394, 0.7000282126993866, 1, 3
0.8306901839815977, 0.76913891053629, 0.5745304035565362, 1, 3
0.4236091159543695, 0.7613419127920746, 0.8156089608502403, 1, 3
0.7278038770979991, 0.488736247774947, 0.7553728627213168, 4, 3
0.6847764664934862, 0.7906887038633617, 0.6464189795025803, 5, 3
0.5455896478945435, 0.8497690307486123, 0.7146182427223631, 1, 3
0.6483315819107849, 0.47199904191025444, 0.8259265273188687, 1, 3
0.7564757425830523, 0.5022760427233208, 0.7375287887609245, 2, 3
0.6178520995224208, 0.675893314794051, 0.7288354030503825, 3, 3
0.5977119061165943, 0.6454268505918233, 0.7578309477595297, 2, 3
0.876398866419088, 0.5389979870167475, 0.6406400241276926, 2, 3
0.6537703261534181, 0.7142855548079071, 0.7062763473618369, 4, 3
0.7973566710476468, 0.5402638983361299, 0.69234368558429, 2, 3
0.5579259805256866, 0.7275169717628209, 0.7683262398782751, 2, 3
0.452855720982974, 0.7536779513768056, 0.8008493169933606, 3, 3
0.7962094459249718, 0.8696080214043713, 0.5505859845580415, 1, 3
0.6787936149688912, 0.6479203378550932, 0.7050933003223876, 5, 3
0.5791583730406911, 0.7451895100641744, 0.7413244158695694, 2, 3
0.8806038562720104, 0.5788870710160674, 0.6276674624514306, 1, 3
0.6357962592231262, 0.6137740856423097, 0.7588271196809698, 8, 3
0.8254916740184743, 0.8195043300027247, 0.5477890241888501, 1, 3
0.2717741218149211, 0.7981481049377259, 0.8999038073964607, 1, 3
0.6586151041261463, 0.7583957710900291, 0.6870089786522393, 3, 3
0.6326843447685729, 0.6526609716818366, 0.7419572539162281, 10, 3
0.9060711944666693, 0.4529037357520159, 0.6638080137906849, 1, 3
0.7785815003913277, 0.5659923458310484, 0.6905305661953216, 4, 3
0.6420126065394204, 0.78810890947802, 0.666378362349088, 1, 3
0.5196469470670089, 0.593138932725941, 0.8368076583873247, 2, 3
0.6441690375974107, 0.5857652214832271, 0.7672192060968852, 4, 3
0.6123751514724057, 0.7574002799567567, 0.7045380854949813, 4, 3
0.8743728305874376, 0.413536307619478, 0.6928244995162076, 1, 3
0.7620025385106707, 0.6780455430965433, 0.6462917210627104, 6, 3
0.6230837707131857, 0.8714492723952596, 0.6644272529779377, 1, 3
0.6803291256638185, 0.8702866853620057, 0.6177351468245421, 2, 3
0.5768522326000204, 0.7193859034390971, 0.7371083892318019, 3, 3
0.6767276860917096, 0.628165535451292, 0.7160663185331079, 7, 3
0.7866238818505658, 0.49349660032277076, 0.7234438416824865, 2, 3
0.5748192911665353, 0.7548973075438213, 0.7282572789289974, 5, 3
0.8177197722750879, 0.5792685373184452, 0.6707092624515114, 3, 3
0.6034836343734592, 0.5336256375136553, 0.8208078168187611, 1, 3
0.7906427782391003, 0.44639515205179653, 0.7459082216225442, 2, 3
1.0, 0.4465036041653538, 0.6065893565192021, 1, 3
0.67461999337227, 0.5856406180364615, 0.7386698361053868, 6, 3
0.5214530115716174, 0.751715717128522, 0.7613733281171177, 3, 3
0.6915604055398679, 0.725244779184279, 0.6788876808055492, 5, 3
0.6267516857366872, 0.7488342595956131, 0.6941781512384365, 4, 3
0.4948918131549535, 0.7988975040904494, 0.740651084434131, 1, 3
0.7077636376809154, 0.5103430352980444, 0.7716308647450992, 1, 3
0.6524740800980448, 0.49996138023948344, 0.8026161386271409, 1, 3
0.8402892521146881, 0.6751398405169056, 0.6102727746551986, 3, 3
0.8588574423561846, 0.6273707935524976, 0.6072363513108144, 1, 3
0.8224539329890408, 0.628481558582269, 0.6307780622212378, 3, 3
0.6287084497319056, 0.7426444090789062, 0.713404691116941, 8, 3
0.6165642348984197, 0.7429588384917595, 0.7017504224849936, 1, 3
0.5038934872123095, 0.641293441801768, 0.8195655689465093, 3, 3
0.8670819702106962, 0.6819263367594066, 0.5909971601191422, 1, 3
0.48460995961718895, 0.7371043713189408, 0.7931357458837128, 7, 3
0.7367619383520322, 0.5381136063904497, 0.733583435520507, 5, 3
0.7942429856559551, 0.5657067957530408, 0.6884724239816989, 3, 3
0.4283148848070505, 0.624268975492778, 0.883407288033494, 1, 3
0.7406797019722311, 0.6505323741513194, 0.6811840018506489, 4, 3
0.5992115015778912, 0.49376465885157345, 0.8339095737803967, 2, 3
0.4752273169611914, 0.6848457545268966, 0.8235378257357806, 3, 3
0.5708423196781119, 0.6752800235735831, 0.7713135146958032, 6, 3
0.5739281096676982, 0.8039141097025412, 0.7113298967307927, 2, 3
0.47017106448329926, 0.8694559778326522, 0.7455678723445875, 1, 3
0.586924877659924, 0.8298425784222982, 0.6882829907534972, 1, 3
0.6194980125359432, 0.6634480212825876, 0.7434810597901022, 6, 3
0.7263556376906171, 0.581625629885112, 0.7188782644175508, 6, 3
0.7277973303085828, 0.5009995662404267, 0.7465565960117198, 3, 3
0.6645700728789247, 0.5176630297900636, 0.7807621904070144, 2, 3
0.6397889575998629, 0.936748845889992, 0.6093358808405976, 1, 3
0.7114775372190038, 0.6913174002429597, 0.662104074327489, 1, 3
0.6096787809736802, 0.6104220764037613, 0.7741346780198309, 8, 3
0.6307459390838241, 0.5950009039619604, 0.7704418667161149, 5, 3
0.7168019707602815, 0.6266228017589361, 0.6904711816195377, 2, 3
0.6606249331057993, 0.5414791796947086, 0.785310223502179, 3, 3
0.6709240654730508, 0.6716448377792991, 0.7034240895734338, 5, 3
0.6365162457946743, 0.7575972229394325, 0.7036150193019491, 1, 3
0.6825062943960698, 0.5320553219439295, 0.7628013373184734, 1, 3
0.5619835935096529, 0.7282279161548889, 0.7489361073568738, 5, 3
0.5107747095864651, 0.6835454266247183, 0.8089686852211926, 3, 3
0.5445635390165883, 0.7822990586127834, 0.7406066143441103, 3, 3
0.5090952102602776, 0.6316328296342746, 0.8378072706293183, 3, 3
0.7200118534759985, 0.5425643364100632, 0.7332717649426154, 2, 3
0.5209289620029212, 0.853429141027915, 0.7325624884832684, 1, 3
0.43711162461754477, 0.7711935057974473, 0.8217229143471423, 1, 3
0.6011016038728962, 0.6617339794833816, 0.7492252858419782, 4, 3
0.6465601308855672, 0.6024194947745204, 0.7598410581133775, 7, 3
0.6704201492381691, 0.6541412114255426, 0.730400540791911, 5, 3
0.5457877494955626, 0.7202617474846927, 0.7651336143394202, 2, 3
0.713437823436289, 0.7484796106067046, 0.6468896553957302, 3, 3
0.8968719409089003, 0.613792242117519, 0.596502245236092, 1, 3
0.5235250810895394, 0.613922922373223, 0.8236101588517637, 1, 3
0.8796272675557963, 0.5868874530031829, 0.6129153479921371, 4, 3
0.599461924131349, 0.614202953947269, 0.7832940834605633, 5, 3
0.7433118788422957, 0.5141957877373012, 0.741867605061908, 2, 3
0.5886102483610948, 0.7889024071200136, 0.7126059311639598, 4, 3
0.5335262654790642, 0.6953051672066224, 0.7833358502815431, 5, 3
0.7521263025345116, 0.6217507744724834, 0.6775017931222179, 5, 3
0.49058993084392316, 0.7888162320138317, 0.7674453642900209, 3, 3
0.5618080443212771, 0.5379004379105818, 0.8391561612195586, 3, 3
0.5807335674219508, 0.6449062845666812, 0.7760847264496042, 2, 3
0.5845148509348828, 0.672002222823792, 0.7847233002524591, 1, 3
0.8531717084944763, 0.7121300707769701, 0.567564040254707, 2, 3
0.7455333554745218, 0.7074221843751852, 0.6612051828672354, 2, 3
0.6328411866846122, 0.5688015333358746, 0.7719507100176826, 2, 3
0.34304797854306157, 0.8323901986484887, 0.841221734093502, 1, 3
0.5312130154062575, 0.740522846798095, 0.7770991704846354, 3, 3
0.450449912210338, 0.7157478137899915, 0.8297725700416505, 1, 3
0.8355502370825085, 0.6449072964959135, 0.6299970300661414, 4, 3
0.5889708931574992, 0.7567155725174743, 0.7290699356781722, 3, 3
0.8302932976159849, 0.7314823137427133, 0.5886273874918194, 1, 3
0.4699984851452843, 0.6114611677343865, 0.8579373098985243, 2, 3
0.3730391297941205, 0.6600750207663392, 0.9111638439129642, 1, 3
0.7940311525456752, 0.7046699890265663, 0.6176398587409023, 4, 3
0.8019435361371258, 0.6412260699379068, 0.6329052441834405, 3, 3
0.7956284356436819, 0.583201470728663, 0.6701702937599889, 4, 3
0.5733818476271452, 0.775399940329822, 0.7284204236943246, 5, 3
0.6810226566435761, 0.7378391747072451, 0.6887938964015753, 2, 3
0.6995020667054166, 0.46100361573723303, 0.7882262309525057, 1, 3
0.9734486603974681, 0.5985558246382106, 0.5544824766940887, 1, 3
0.7340417310211008, 0.7307897360551572, 0.6466106404319236, 4, 3
0.6870043520217813, 0.7192858448059196, 0.6905579803276892, 1, 3
0.573509992211967, 0.5910769573993819, 0.8113455195165381, 3, 3
0.48404018148477107, 0.845585444765141, 0.7424852074919395, 1, 3
0.555913920259721, 0.8662326380725206, 0.7017930284528762, 4, 3
0.5569432326149908, 0.5723520832840906, 0.8239451994593233, 3, 3
0.5888625143145849, 0.534764066704946, 0.8314437833212257, 1, 3
0.6859942499113727, 0.7689380388062861, 0.6511292914995116, 1, 3
0.6899381181263002, 0.7404575820210381, 0.6771022659021559, 2, 3
0.7572783112980891, 0.7098502997807684, 0.6424229289490921, 3, 3
0.5992378739707395, 0.8105627949222083, 0.6842674762706152, 1, 3
0.5917890876207051, 0.6732562743845074, 0.7546087440616337, 6, 3
0.6726284556012401, 0.8058012825431161, 0.6551883474764127, 1, 3
0.6437851286987317, 0.5536084035658234, 0.768514010045745, 2, 3
0.7165235765828951, 0.6474018768503463, 0.6777526770522521, 2, 3
0.6245134663212274, 0.8298943936533133, 0.6687558206225218, 4, 3
0.47403573411736355, 0.7577723132847174, 0.7870419733024475, 2, 3
0.8825526367156259, 0.5604779389888681, 0.6342334145980411, 2, 3
0.8092763809151832, 0.6378581248994882, 0.6501485808078574, 3, 3
0.6886328344289191, 0.5878289113885555, 0.7462648056650257, 3, 3
0.7606999100348207, 0.6930187884923289, 0.6491684149457372, 6, 3
0.5335524877888647, 0.7542355324507882, 0.7542853104043933, 2, 3
0.5191414016613011, 0.722007219798834, 0.7736455830146903, 5, 3
0.9012846800934373, 0.5886250218188929, 0.6102314130276466, 1, 3
0.6685350563208429, 0.7455426000913982, 0.6892999450564538, 5, 3
0.5927797780099499, 0.6862988135411829, 0.7423096561883785, 4, 3
0.7654916413609276, 0.5779510870329659, 0.700664106466587, 3, 3
0.837574074223765, 0.53930579386593, 0.672536299237275, 3, 3
0.5822693555824769, 0.7676717339960546, 0.7464666475432528, 1, 3
0.7190613536946104, 0.6356146051040943, 0.702835916453073, 8, 3
0.7860819663145068, 0.7908237638784362, 0.588905983993206, 1, 3
0.7494755258193305, 0.5232658673019993, 0.7325518538263596, 3, 3
0.537202061544531, 0.7551210207121417, 0.7384543825031972, 2, 3
0.47739913479718216, 0.7840147520568664, 0.7799387852090951, 2, 3
0.7287389928320247, 0.6621360961705874, 0.6877258191402386, 4, 3
0.7480408922091902, 0.6659059326047407, 0.6724174556104637, 6, 3
0.5920772510379931, 0.6482953760742215, 0.7695759371712704, 5, 3
0.88321326048257, 0.5258858774737736, 0.6520794740971934, 1, 3
0.5949966529502856, 0.7638113691071493, 0.7143437731006382, 5, 3
0.5306233498314558, 0.8389170690756309, 0.7285433019728433, 2, 3
0.6824699412400129, 0.6196207249505185, 0.737474791328789, 1, 3
0.6687127449646049, 0.7665876500796431, 0.6929834036639237, 1, 3
0.5415824930379014, 0.8168344005076267, 0.7356499218706432, 2, 3
0.6793450001219429, 0.7749789040332824, 0.6608593953976106, 3, 3
0.6370229579008001, 0.7070766076961629, 0.715219356046731, 3, 3
0.6399359354180832, 0.6915107510166355, 0.7232294043971286, 6, 3
0.6299623073519715, 0.8088288619513766, 0.6728456551211615, 4, 3
0.7779316838980235, 0.8502904010745256, 0.5762187415904987, 1, 3
0.6528403107858463, 0.6855031556102941, 0.7088226557894275, 5, 3
0.5059335435163473, 0.6173389663576561, 0.84469634533415, 1, 3
0.5166592971400239, 0.8761521404612098, 0.7075266150485888, 3, 3
0.6719955124704687, 0.5702690351246341, 0.753794228168954, 4, 3
0.654756822640219, 0.6433518756925628, 0.7375265654754889, 6, 3
0.8343330367244928, 0.6869572825775616, 0.6052288105187177, 3, 3
0.46322932427365787, 0.7037992029869394, 0.8243130225128251, 3, 3
0.7817993012379307, 0.7218447389455929, 0.6152341705230377, 2, 3
0.5804678008841, 0.5795903165556959, 0.7897346074262526, 1, 3
0.4742536011268386, 0.7716347170925851, 0.7970550416699381, 2, 3
0.44033283151543523, 0.6395219397398418, 0.8659895702937593, 2, 3
0.516671459755872, 0.7891649353792836, 0.7513317246733022, 2, 3
0.6293070250893351, 0.6857963047847903, 0.7451004603054631, 5, 3
0.5532332281554087, 0.8347368075939497, 0.7160423512377295, 3, 3
0.9387677379615053, 0.5589983505746574, 0.5984373110691805, 3, 3
0.5835961382691566, 0.5869204710471647, 0.8012115163756411, 2, 3
0.6817506213050694, 0.5604753027124169, 0.7550963919053498, 2, 3
0.4211669973982036, 0.6740511583995937, 0.872126571575041, 1, 3
0.8293290617595759, 0.5889057678940446, 0.631929624919075, 1, 3
0.7613241672040362, 0.4862830718086812, 0.7316265087267904, 1, 3
0.7089837878442095, 0.5999795797999137, 0.7179141078072887, 5, 3
0.8648833999704774, 0.5762326477406895, 0.641650401941158, 1, 3
0.6479321703434512, 0.8076821592786942, 0.6638646997816341, 2, 3
0.7828554699550802, 0.7674111663906437, 0.6072196712145042, 2, 3
0.8853960225679213, 0.6565321482672755, 0.5937727687789907, 1, 3
0.5328905448400703, 0.8912671704649275, 0.7025975895811443, 1, 3
0.5260117364330339, 0.8060231769297403, 0.7411862006094503, 4, 3
0.7780266288323978, 0.5956535646395733, 0.6762589337050214, 4, 3
0.5240450474672911, 0.8336290686493881, 0.7400951222989577, 1, 3
0.8873240873418664, 0.503588019947753, 0.6486942781125805, 2, 3
0.803027713765206, 0.6674177134754897, 0.6308852336002365, 1, 3
0.6879350715544844, 0.6746194942721293, 0.6985204169440613, 6, 3
0.6559585590898097, 0.5589872649904081, 0.7673042372176163, 1, 3
0.43808183061796907, 0.9075280433311808, 0.7551112156084893, 1, 3
0.5196776694369857, 0.7239626601893964, 0.7894115430175563, 6, 3
0.7920471624666261, 0.7452706588276319, 0.594584616465655, 1, 3
0.6171615254856657, 0.5250983542341702, 0.8109333988630609, 1, 3
0.4828147509164188, 0.608573535197867, 0.849297410841402, 5, 3
0.5563228001879181, 0.5936924091828477, 0.8101748245898553, 3, 3
0.8713019497501687, 0.38899643889722746, 0.7233156486479786, 1, 3
0.8296883042541339, 0.5909743248002506, 0.6564811282801389, 1, 3
0.6716278956619705, 0.760126391163783, 0.6720528860054082, 5, 3
0.47708440928029444, 0.653638572085248, 0.826287256352696, 2, 3
0.473522674723812, 0.6300246650066745, 0.8596732410475008, 1, 3
0.8432369770927852, 0.5453603928005535, 0.6596079784150356, 3, 3
0.6274275536920824, 0.6395716883720624, 0.761810030988973, 4, 3
0.9084475604411156, 0.526176954629948, 0.6310759712660422, 1, 3
0.5547055429406447, 0.6378666745203854, 0.7947019292455756, 4, 3
0.6003339331582256, 0.7942825357963745, 0.7051388758716431, 6, 3
0.7845157286331323, 0.5101032958762645, 0.718864046414884, 3, 3
0.5974064490253327, 0.5913469198668976, 0.800721778159039, 2, 3
0.5078535707911601, 0.7501275806361662, 0.7664291754941638, 1, 3
0.7400538922699355, 0.6346877908674199, 0.6837754244452936, 4, 3
0.5170866835298481, 0.620975838134131, 0.8359951613686286, 2, 3
0.4131476350677946, 0.8011491615954434, 0.8355712597442967, 1, 3
0.6589296328897681, 0.6594559173007002, 0.7225291710961215, 5, 3
0.8228621882207579, 0.5095194768164569, 0.6911610426304227, 3, 3
0.7252338720740292, 0.6993848762793596, 0.6670617034165173, 5, 3
0.7532363067762495, 0.7593177997310394, 0.629440707961798, 1, 3
0.4678863932531242, 0.8644025527407264, 0.7591222867581792, 1, 3
0.7896328392465896, 0.46338014408765105, 0.7254766232061823, 2, 3
0.7691422027014239, 0.46068953118024536, 0.7339084999131539, 1, 3
0.42482894829295914, 0.748334124294352, 0.8275920351326299, 1, 3
0.3540324431794551, 0.760452608540888, 0.8759106629321809, 1, 3
0.8161715176494985, 0.6056384564467809, 0.6571063650798049, 1, 3
0.7663665174877198, 0.6749367456129051, 0.659741806555875, 4, 3
0.6510479173913344, 0.8974605561689988, 0.6140477029305522, 1, 3
0.6668168763807203, 0.6151201628179297, 0.7403668524876483, 3, 3
0.551011506388278, 0.6118683186018368, 0.8088289803246582, 2, 3
0.48422279389697087, 0.5739969695317123, 0.874202956691112, 1, 3
0.7743077845714738, 0.6633685964740794, 0.6502053008104515, 1, 3
0.5977482357328502, 0.5323971877818261, 0.8083271666782361, 2, 3
0.5488613538239231, 0.7719313752149806, 0.7325615971444237, 2, 3
0.8153797699040354, 0.5302520483399769, 0.6921408000331306, 2, 3
0.7885961113356631, 0.6664897720741918, 0.6343007534179605, 4, 3
0.4438331753708289, 0.7447979351092516, 0.8219651750503524, 1, 3
0.6626919376575143, 0.7224185843518118, 0.6978303193241412, 6, 3
0.7827462209782232, 0.8753799345953719, 0.5447693920306167, 1, 3
0.6306540099944806, 0.5249533856407987, 0.8004763328829746, 3, 3
0.7151269956333678, 0.7342706723178603, 0.6620368966944067, 2, 3
0.5337554032788951, 0.6515051674271266, 0.795339540497479, 2, 3
0.495350233512188, 0.6926895683208139, 0.8062877236315661, 4, 3
0.6981018572843503, 0.8158755396120294, 0.6415049044926431, 1, 3
0.5445892210852807, 0.6236269093352544, 0.8287097758326968, 1, 3
0.5778029969137626, 0.6925871681938125, 0.7617893033188672, 4, 3
0.5460059242859249, 0.8956519984505492, 0.70394794303583, 1, 3
0.48102488242629343, 0.634156339700733, 0.8375732079951463, 1, 3
0.7321158462449937, 0.7492492824208695, 0.6437744598751818, 4, 3
0.742010356347413, 0.7940982506644423, 0.6174590768256861, 1, 3
0.6319457850624869, 0.5031646912961634, 0.7974148856700616, 2, 3
0.4855830358007333, 0.6710992914345164, 0.8412759387410166, 2, 3
0.6285972362729433, 0.5945046797263167, 0.7553950037582727, 2, 3
0.5541720959156345, 0.6684435127294943, 0.789526520182841, 8, 3
0.6170322667576573, 0.7992894435616745, 0.6974006878449036, 1, 3
0.5525821581871033, 0.6904674077289936, 0.7768123010298577, 4, 3
0.5367241711187654, 0.7702146213981046, 0.753440554431785, 1, 3
0.5652032150687711, 0.8297217898521067, 0.7055652798478327, 3, 3
0.9749451520345888, 0.5611175664550954, 0.5659275263174056, 1, 3
0.6246749991440455, 0.8889984178038983, 0.6365549949842672, 1, 3
0.4483767558848154, 0.7575820512396314, 0.8136341319777263, 1, 3
0.812904241646119, 0.6597994855946843, 0.6373218702037258, 2, 3
0.5096526556341362, 0.5672696586665712, 0.8490466516201809, 1, 3
0.5680220119340199, 0.6530750876110246, 0.7714680593843313, 2, 3
0.7409803906935547, 0.5642082245588819, 0.7173636060110357, 5, 3
0.7347424983883838, 0.7806007192071079, 0.6200914226231475, 2, 3
0.7549695185886547, 0.5987320529350282, 0.6955435357602143, 3, 3
0.7247737366294456, 0.7861574661002496, 0.6363391577184769, 1, 3
0.7928688154721651, 0.6171697791416813, 0.6473351227232416, 2, 3
0.6308458420008702, 0.6692760168582799, 0.75281916530366, 2, 3
0.5676234601922923, 0.5017534823331566, 0.8374956954584944, 1, 3
0.8118672312801392, 0.5666797013708642, 0.6875040116337882, 1, 3
0.7147345261351508, 0.7232976717875976, 0.6505168769843398, 2, 3
0.4133139871425689, 0.7274722497874659, 0.8422048428577179, 2, 3
0.9479277506819355, 0.6220879152988649, 0.5603681994353211, 1, 3
0.8100923901251791, 0.6210204981646708, 0.6514804813119999, 3, 3
0.8839385503452628, 0.4463069330739727, 0.6902973858471413, 1, 3
0.6547857427517737, 0.7020464581957204, 0.717163224226919, 4, 3
0.7242448504437629, 0.7907977381761163, 0.6144743432241703, 1, 3
0.5624805073101887, 0.6064638101987061, 0.8125567415475727, 2, 3
0.7568733664775281, 0.7551012615916813, 0.6172903454406, 3, 3
0.8586559071998419, 0.5635756419313334, 0.636442561042648, 2, 3
0.6877354497389103, 0.5683752366656707, 0.7398402959616289, 2, 3
0.8940419384673917, 0.4848330926900119, 0.6532122951567427, 1, 3
0.5643703260277014, 0.8038401530870601, 0.7233418504539787, 1, 3
0.45774708816206733, 0.6342269291307949, 0.8544819190733814, 1, 3
0.4621348784104234, 0.7449656347777611, 0.8156385975999826, 2, 3
0.7142465999779506, 0.5253535109191426, 0.7528360252826597, 4, 3
0.8113015524000815, 0.7356712242932423, 0.6054933390829355, 2, 3
0.8278475012719808, 0.5502802470313737, 0.6607780069573118, 2, 3
0.8135551737487037, 0.46591196295139903, 0.7124824643342946, 1, 3
0.48452340964219315, 0.5367402924696276, 0.8790510005474139, 1, 3
0.8525987406144783, 0.47578330163949256, 0.6942885895937501, 1, 3
0.699463266910961, 0.5796195766720812, 0.7516772833996928, 2, 3
0.5469028058828691, 0.697170894586876, 0.7652627149698403, 1, 3
0.581614085641533, 0.71507062114418, 0.7596440844991226, 3, 3
0.4512586176117781, 0.7314798666282807, 0.8205366062919496, 3, 3
0.7024563862817104, 0.5333144002681957, 0.7557758624868046, 3, 3
0.7016305346663801, 0.7816099208318886, 0.6417702038236291, 2, 3
0.7482539465530496, 0.7254202373507831, 0.633676459928969, 1, 3
0.7228153770763891, 0.7658369371972442, 0.642333540315181, 3, 3
0.5812833743698382, 0.6016159504688358, 0.7950221911154414, 4, 3
0.7029173147828666, 0.937741772598341, 0.5859175754419613, 1, 3
0.41318091162737997, 0.7531087058078341, 0.8463455678687326, 2, 3
0.4326512427104556, 0.658133545355165, 0.8704827575782421, 1, 3
0.5496602206608892, 0.5817076697401321, 0.8312485044030232, 2, 3
0.5370639355490301, 0.642372513606053, 0.8061349926887301, 4, 3
0.8345988207306784, 0.6011195552674355, 0.6429820953177582, 3, 3
0.8667094429968096, 0.6107857092531097, 0.6163435950702767, 1, 3
0.5911287606590899, 0.7730991534977768, 0.7249789856355578, 2, 3
0.6088083597291133, 0.7745823219154858, 0.6869833894842889, 3, 3
0.5967210264440893, 0.9192889207474879, 0.6539471951668602, 1, 3
0.41773087911504003, 0.6433483548523758, 0.8734115597984579, 3, 3
0.9149575280559743, 0.5782497811688145, 0.6087805935351619, 1, 3
0.6132912137777324, 0.6589495465585694, 0.7557850621882329, 5, 3
0.690822618777073, 0.6475587664452095, 0.7214781616338343, 3, 3
0.49412695032424636, 0.7302077950750319, 0.7819308045137433, 2, 3
0.7884000319420129, 0.7159151971167734, 0.6305236670183496, 1, 3
0.5195517197353181, 0.6510972422749672, 0.8107403004644778, 4, 3
0.696280276654454, 0.6780549935060547, 0.686338943752861, 2, 3
0.8810171150536024, 0.6128950706070291, 0.6062613754427101, 2, 3
0.4944563136840364, 0.8158639269728724, 0.7490545109533544, 1, 3
0.5213267302095447, 0.6298074179058458, 0.8225796111350091, 2, 3
0.8190918122190743, 0.5492676238279779, 0.6729753976422658, 1, 3
0.5648140138177754, 0.6500950883307456, 0.7944319829945974, 2, 3
0.7188910272708927, 0.5683450110168343, 0.7201277810179999, 1, 3
0.7192687712074537, 0.7062090235462503, 0.6782980352249612, 2, 3
0.433709754707521, 0.7982768968968488, 0.7978644557693894, 1, 3
0.8355521183352239, 0.5205912108700268, 0.6693083834835397, 1, 3
0.5511518246807658, 0.6580023282448597, 0.8055681519702071, 4, 3
0.6747773310094355, 0.5543868399964578, 0.7661901170085752, 2, 3
0.8673607051438059, 0.533039582229085, 0.6565780281889108, 1, 3
0.5041819751481513, 0.744640018729254, 0.7896869406033002, 2, 3
0.4948555730096146, 0.6042966289845529, 0.860979211130418, 1, 3
0.4758907748688459, 0.8256189078109675, 0.7607575195856175, 1, 3
0.6060188945323609, 0.8719395991898815, 0.651042183025977, 2, 3
0.759841412210634, 0.6325415826108987, 0.6730220344567253, 2, 3
0.6643584660120058, 0.5924959809898099, 0.7580523789803346, 2, 3
0.5967347486331684, 0.7307384305508873, 0.7355205419987552, 3, 3
0.693045924418029, 0.6240524870150176, 0.7250922727891512, 4, 3
0.6108975991753458, 0.4779875057801404, 0.8248981582175119, 1, 3
0.780138673251698, 0.753339656714795, 0.6094417842464805, 2, 3
0.8160818754775845, 0.5275458621728218, 0.6736191491328646, 1, 3
0.4969231968130327, 0.8077567855644769, 0.7701308420955258, 1, 3
0.47321969889096577, 0.7080112246429557, 0.8126611350718971, 2, 3
0.549167170240112, 0.8095705669012406, 0.7217096600671713, 5, 3
0.4657158545333242, 0.8027310365795328, 0.7850191409503102, 1, 3
0.7001970124406387, 0.7934575858464379, 0.6348359223073456, 2, 3
0.44208060990255216, 0.7883332720725716, 0.7995384529911834, 1, 3
0.8384203628432001, 0.5752951052312074, 0.6428658911332383, 1, 3
0.4974419446189878, 0.6556207540809913, 0.8266542149708186, 3, 3
0.7332388485243184, 0.5128161623236235, 0.7285691925609185, 2, 3
0.6942170227935938, 0.8413681467905849, 0.6252324507553769, 1, 3
0.667545499100415, 0.5351025165553064, 0.7652862659688126, 3, 3
0.3667799729802105, 0.8557854120902819, 0.8228388259527436, 1, 3
0.9098474713201057, 0.6519008376308808, 0.5694174446506557, 1, 3
0.5336084779792252, 0.6825694081408747, 0.7889380661436973, 5, 3
0.53072711806176, 0.794864220318297, 0.7307413533261302, 1, 3
0.5123720231953469, 0.5741178509090149, 0.8627638726150875, 1, 3
0.6664285958277457, 0.6369539953022675, 0.7279915860799945, 4, 3
0.5513785508994753, 0.7168307496120294, 0.7769982941907101, 1, 3
0.7517502016968381, 0.7423563321867398, 0.6285110229339195, 1, 3
0.5389765886313803, 0.7978450313138107, 0.7532904212375218, 1, 3
0.5168577114276957, 0.5867551696244476, 0.856309852254507, 1, 3
0.555310532861642, 0.7074662134056724, 0.7500626182884754, 1, 3
0.5826036156730797, 0.564950612584832, 0.8052189704382008, 1, 3
0.7031609122671372, 0.4738702969535315, 0.7720663658130015, 1, 3
0.6993145299261477, 0.5911309280000615, 0.7369219792934545, 5, 3
0.5905646033436162, 0.8556515616884732, 0.6800848106625998, 1, 3
0.6375419085690077, 0.6779383596855252, 0.7181542169930543, 3, 3
0.40937690540367627, 0.8097786958504767, 0.799507010061203, 1, 3
0.39006951104096477, 0.7236886809302421, 0.8538045626298363, 1, 3
0.4309887638746674, 0.8187747620016623, 0.7910344083220867, 1, 3
0.5681325877918652, 0.8688776353784909, 0.6797623574023526, 2, 3
0.5607944638681898, 0.5545290190326475, 0.8237258077875969, 1, 3
0.7528916812264679, 0.7753349029720931, 0.6203518518465216, 1, 3
0.6812902894297798, 0.4335948667615477, 0.8012130958628403, 1, 3
0.7453934977012134, 0.49039192949779326, 0.7487070986267305, 1, 3
0.49347989562095645, 0.5916824353031334, 0.8545416155238902, 1, 3
0.6175747815397594, 0.7572304825637074, 0.7169022392743782, 2, 3
0.6249278743561905, 0.4885223126410474, 0.8332657474353005, 1, 3
0.7168610054068448, 0.720922895536966, 0.667096890987523, 3, 3
0.5046330825178051, 0.5418223466235007, 0.8702919167145122, 2, 3
0.8407811425720422, 0.4615319284600555, 0.708992923427868, 1, 3
0.43630519275860036, 0.8416470174195597, 0.7877257508096946, 1, 3
0.7526597416056398, 0.6841733458948588, 0.657136169168277, 2, 3
0.7143909206724172, 0.7898160320268656, 0.6288158989531483, 3, 3
0.6751901153388561, 0.7278295761429753, 0.6716969596624452, 2, 3
0.5709841856754692, 0.9505579570742773, 0.6472098566295205, 1, 3
0.5012867497889275, 0.8552112310395876, 0.7292310823294818, 1, 3
0.7709487353781085, 0.609222577514164, 0.6951132656244555, 3, 3
0.5036311192362335, 0.7090547864794898, 0.7989519883281063, 2, 3
0.8767290623581167, 0.3964495882085819, 0.7005626004129556, 1, 3
0.7119014662253661, 0.5840984352777849, 0.716328717800413, 2, 3
0.8035683987036116, 0.5725934283729174, 0.6643956079878901, 1, 3
0.5799932628855357, 0.4903967336855593, 0.8502667621678914, 2, 3
0.8552957605984747, 0.5327375343694676, 0.6515469068054799, 1, 3
0.7352623135206038, 0.5136621384542337, 0.754730259660295, 2, 3
0.7113139045465507, 0.7530938209977767, 0.6635311385342978, 4, 3
0.5982782753725544, 0.6973845552009548, 0.7614881678091141, 3, 3
0.44674956268878074, 0.81412509494186, 0.7934320325772035, 2, 3
0.3762790186050558, 0.8239853765095664, 0.8262835241051858, 2, 3
0.6451841839506802, 0.625978165741111, 0.7491326240008184, 6, 3
0.43618943649182124, 0.7361511864749573, 0.8343727858234167, 1, 3
0.40939143724335186, 0.8490185433207272, 0.7909767250673605, 1, 3
0.68281179091516, 0.8348521109733987, 0.6232847692916036, 1, 3
0.7529483956724193, 0.5753176854314579, 0.6958282873984292, 2, 3
0.7954777955673393, 0.719223291675491, 0.6050736607855427, 1, 3
0.8004590812381085, 0.367413127547373, 0.7634636642931399, 1, 3
0.7831172846832175, 0.5573266196939389, 0.6750360954897604, 2, 3
0.3650757324743284, 0.7300885185537327, 0.8722271156667434, 1, 3
0.278498130951145, 0.7253997575064234, 0.94398303274508, 1, 3
0.44045190400589757, 0.6610212440816704, 0.8595659799126408, 1, 3
0.7549778821862954, 0.5605646547734201, 0.7071906402252525, 2, 3
0.6816585341236272, 0.7103905740513893, 0.702086318976161, 1, 3
0.7070201301321823, 0.711035169268744, 0.6732316821434006, 3, 3
0.6853949502363472, 0.8553501395278685, 0.6256323663111235, 1, 3
0.6057068148836645, 0.5134017609510816, 0.813329020886771, 1, 3
0.8272294388310707, 0.7498443672927375, 0.577654524023729, 1, 3
0.8507948433625272, 0.6656296761927205, 0.6104601214507199, 1, 3
0.5386696255383046, 0.6732990829490343, 0.8054729473249208, 1, 3
0.3875417911917162, 0.8174772677923441, 0.8107974895843869, 1, 3
0.6969481747376636, 0.762983737184254, 0.6585154005268883, 1, 3
0.43448789233180773, 0.60903953946749, 0.881722343342254, 1, 3
0.6705273997194412, 0.6715169847056809, 0.71956072429971, 4, 3
0.6112341862460802, 0.835531841770954, 0.6679531379964159, 1, 3
0.8723724902789157, 0.7346387989578269, 0.5622939963496681, 1, 3
0.7541989874031205, 0.7308908988465923, 0.6495825146228629, 1, 3
0.5073960153607878, 0.6109247223943339, 0.8308600181072054, 1, 3
0.5714520188802472, 0.5246080381711474, 0.842372834459782, 2, 3
0.8518911102225981, 0.49592127518890483, 0.674613741488413, 1, 3
0.7773758799748665, 0.531539650721847, 0.6982750876261911, 1, 3
0.660424016437819, 0.6243539042454974, 0.7262969991394246, 1, 3
0.8655458855578114, 0.5196203162639241, 0.6572060783407052, 1, 3
0.46110105442303406, 0.6628542729344118, 0.8382096197497193, 3, 3
0.7227289414774798, 0.5654959768321315, 0.7366484822197271, 3, 3
0.7618003398099507, 0.5192975420000969, 0.72829049537347, 2, 3
0.46358077011503374, 0.6229184933815546, 0.8674607196075375, 1, 3
0.6510970954746471, 0.7976327699529805, 0.6748552480824928, 2, 3
0.8389573940581682, 0.7370805143349877, 0.5801373018333312, 1, 3
0.7504647583260359, 0.6711464590133364, 0.6576384845213049, 1, 3
0.6625115808922556, 0.6523464188521874, 0.7124357234439208, 3, 3
0.7966986219729221, 0.6902584073402629, 0.6361091004101983, 2, 3
0.5735085441392532, 0.895935976983393, 0.6765655212651075, 1, 3
0.5083335079330614, 0.880817324552702, 0.7191085542963521, 1, 3
0.6860641081081683, 0.7070787126486267, 0.6834018102169396, 2, 3
0.4929146134690188, 0.717363272138733, 0.7959044113016532, 1, 3
0.6863671493559028, 0.5280885255695955, 0.7821131337686288, 1, 3
0.6067149904990984, 0.6822923119499456, 0.7544503943216575, 2, 3
0.8014732338133608, 0.5128231312986948, 0.6991756104229504, 2, 3
0.7843659264773889, 0.5508141937324004, 0.6865039846356983, 1, 3
0.8394904372398494, 0.7863371847450181, 0.5595154175123912, 1, 3
0.5414396022025074, 0.47734652652258697, 0.8816720975972527, 1, 3
0.7098020855659222, 0.5072940084718099, 0.7498772839183245, 2, 3
0.3690884177966214, 0.7877639955547133, 0.8483626489597019, 1, 3
0.7297504002752933, 0.6703050595454494, 0.666041113486744, 2, 3
0.5881125886383727, 0.6845818588421217, 0.7619571299796295, 1, 3
0.41939898749456334, 0.6998397859300185, 0.8542339094161382, 1, 3
0.6863569357460624, 0.7556942978123193, 0.6779644290664072, 1, 3
0.5956937075032321, 0.5710805886532118, 0.8058528241229335, 1, 3
0.7636078950672349, 0.6557820654042599, 0.6513889627997533, 1, 3
0.589733341754435, 1.0, 0.6169055387828566, 1, 3
0.4681840485516974, 0.749957187383116, 0.8047828742451715, 1, 3
0.49053277234263265, 0.774755530430788, 0.7946013993358454, 1, 3
0.768340599761514, 0.6305481052106849, 0.6843841478483439, 1, 3
0.4762756672954475, 0.8130378962597624, 0.7721622740309423, 1, 3
0.6544932550925275, 0.5794557384603589, 0.756568476344896, 1, 3
0.34530602911759034, 0.7117344933008595, 0.8761599920711114, 1, 3
0.4749121868333151, 0.8364795633378683, 0.7724465902009101, 1, 3
0.6700160906794089, 0.4975853803714584, 0.78316604379019, 2, 3
0.5331589598725137, 0.7105961445260949, 0.7735359336668004, 1, 3
0.8220374891990441, 0.7428422344486738, 0.5889831860406645, 1, 3
0.5287245204940709, 0.8220947700842058, 0.737530871493607, 2, 3
0.6244494641756387, 0.7316340464963328, 0.7064112543036305, 2, 3
0.4671935214859456, 0.5621262660196289, 0.8795544939026572, 1, 3
0.5428291502998718, 0.5988005748955285, 0.8289077892223973, 2, 3
0.23501881857824525, 0.799380486890026, 0.9100119689937854, 1, 3
0.5534185289390021, 0.5234430268621075, 0.8399736681123758, 2, 3
0.4546763908522348, 0.6550910206618363, 0.8545457227478133, 1, 3
0.8099985604671809, 0.5837482503042467, 0.6610351390387099, 1, 3
0.7927869109186211, 0.7035533744883758, 0.631848832254238, 2, 3
0.7256022381095764, 0.6128691379207875, 0.6871619090700252, 1, 3
0.6431770490995402, 0.675122988181392, 0.7306108176844864, 3, 3
0.5440156013165816, 0.7027726594819484, 0.7770184142040955, 2, 3
0.853739232790983, 0.5364456426288406, 0.665537959021784, 1, 3
0.6664706017087376, 0.47765742725130284, 0.7863969614023905, 1, 3
0.8773435427271119, 0.48262733172009337, 0.6722242144193271, 1, 3
0.7001282783101253, 0.6909334659784484, 0.6943911268268579, 1, 3
0.6522027463980817, 0.80157299693736, 0.6518486738171674, 1, 3
0.502665014254972, 0.670347257024119, 0.810395523396398, 1, 3
0.6254933777377254, 0.8560594509301584, 0.6662796778453173, 1, 3
0.5884195467503133, 0.5293592752325359, 0.8195943274058195, 1, 3
0.6383183892000884, 0.8614572083264207, 0.6573012128146636, 2, 3
0.7401313190439789, 0.6050529824699602, 0.689138641389814, 2, 3
0.5598864791463555, 0.7779637578957205, 0.7215928195591597, 1, 3
0.5142563728576554, 0.9032601820089463, 0.7125416395740427, 1, 3
0.5642682969823845, 0.6194472224390581, 0.8026590692571814, 2, 3
0.4665248778896365, 0.6910286868384135, 0.8335641214981075, 1, 3
0.9290034823879572, 0.6285685372069822, 0.5686194899570427, 1, 3
0.8196956268178417, 0.6467490523868478, 0.6326345009814326, 1, 3
0.5983917480680857, 0.8255445285124026, 0.698856156952357, 1, 3
0.7746609548127505, 0.3934729798212099, 0.7726240278006737, 1, 3
0.724411985812472, 0.8238832789075997, 0.6195869718315395, 2, 3
0.9092943092929955, 0.6817895294699327, 0.5634870701174489, 3, 3
0.7239357575066716, 0.4541879962816754, 0.7822124625992334, 1, 3
0.6243642343229383, 0.7975841552004121, 0.6825439296963491, 1, 3
0.8467768579039203, 0.6186290626813835, 0.6216823061899893, 1, 3
0.5779553815331779, 0.5108019081604551, 0.8371251395688655, 1, 3
0.9442686658936679, 0.4671032209492758, 0.6369748868465194, 1, 3
0.7876507986513955, 0.39689714949061117, 0.7508728060496004, 1, 3
0.7184824169259311, 0.7765503390958168, 0.6284016156597713, 1, 3
0.8682575540478528, 0.6464344309260004, 0.5978041477013442, 1, 3
0.6834726834406388, 0.4631825647698595, 0.8135919750915307, 1, 3
0.5382802772459389, 0.6180112733285961, 0.8123002778405459, 1, 3
0.5598266757751729, 0.7652430379446774, 0.7280913149679786, 1, 3
0.9432887986166536, 0.39114529360326455, 0.6773152402908367, 1, 3
0.754477860025766, 0.5435118026944868, 0.7077662925504751, 2, 3
0.6738946270198763, 0.5778700770933235, 0.7645231414877033, 1, 3
0.7362987085900031, 0.5524649020283481, 0.7215753447105324, 1, 3
0.8243460758484018, 0.6683471899398996, 0.6273529052909588, 1, 3
0.8467081293867311, 0.6336292043760167, 0.629913057139162, 1, 3
0.5706513861572746, 0.7587625410220467, 0.7474534331480803, 1, 3
0.364326301866717, 0.703514858429706, 0.8732497788268001, 1, 3
0.7336167910977414, 0.4587271615738569, 0.7711822723163269, 1, 3
0.8991995432913645, 0.5548198590387036, 0.6101709227278361, 1, 3
0.6111916994116647, 0.5893434451986648, 0.7807058379737022, 1, 3
0.3934532591221489, 0.7439806140818821, 0.859755368207783, 1, 3
0.6999337241759198, 0.6229734340534097, 0.713511177294467, 1, 3
0.6598345193068773, 0.7413993578090547, 0.671455805107853, 1, 3
0.7521391727690947, 0.5902225294560914, 0.7067190107677049, 1, 3
0.556488293497261, 0.7888941457312506, 0.7425107825143621, 1, 3
